cid,name
Qmaje8byBxmFTHDjCvDYLy1NPZkUX1Etx1agDw5HxNqtef,qmaje8bybxmfthdjcvdyly1npzkux1etx1agdw5hxnqtef.json
QmVVKDkMziAXLmSyfhFAF5ev9TNyXVe6dkMGA6YNbRcQSv,qmvvkdkmziaxlmsyfhfaf5ev9tnyxve6dkmga6ynbrcqsv.jpg
QmRoCMEQgSd6QQo9iA2HdDzwSuqoJ3TLEEzNrRdXm7cKYo,qmrocmeqgsd6qqo9ia2hddzwsuqoj3tleeznrrdxm7ckyo.jpg
QmXuz6bWxYuB1atjpYt1WJsiT2yfnJ38qHDXWur65fXAsR,qmxuz6bwxyub1atjpyt1wjsit2yfnj38qhdxwur65fxasr.jpg
QmcmdZjGHTkkir2oe9wDTXQycKmujGUfDxL6B4Do8e9HyP,qmcmdzjghtkkir2oe9wdtxqyckmujgufdxl6b4do8e9hyp.jpg
Qme8YVzNDjjFxNgwkgSK8RgXJHvQumEx24DgU6SyVZ7kYy,qme8yvzndjjfxngwkgsk8rgxjhvqumex24dgu6syvz7kyy.jpg
QmfSv545gdo6cjxscBvtyetZDCzEEESpnybBS76VY1BjXk,qmfsv545gdo6cjxscbvtyetzdczeeespnybbs76vy1bjxk.png
QmU3n7bquULDCqaWhoauaNMkTUMqdt79AZr9jy9mkC6huu,qmu3n7bquuldcqawhoauanmktumqdt79azr9jy9mkc6huu.png
QmPnJq97hAjeyL1ujqjbJVGZhw4RSaqkg6hNrGKq6svaK8,qmpnjq97hajeyl1ujqjbjvgzhw4rsaqkg6hnrgkq6svak8.png
QmVdRXDcynJgtt31rxu8SJPirxesLFvhbPq3LeuR7L9VKN,qmvdrxdcynjgtt31rxu8sjpirxeslfvhbpq3leur7l9vkn.png
QmajQ7BH75xdKe3SKzM5QfVofBx8nEv8Eb8u171Xz7DPoK,qmajq7bh75xdke3skzm5qfvofbx8nev8eb8u171xz7dpok.png
QmTmV5ShAc61c1GhYJfhbnac5JksH65ihQFVJvSUaz4c4R,qmtmv5shac61c1ghyjfhbnac5jksh65ihqfvjvsuaz4c4r.png
QmVRKtGYoRCZ3Erg6pNWoj4mG26aCrcCKz2yZeE7NaEbK1,qmvrktgyorcz3erg6pnwoj4mg26acrcckz2yzee7naebk1.png
QmUkR5kkZbq5Szi1P7wJGS5pa1QZvG1tgp9Cnu7fBNdsv5,qmukr5kkzbq5szi1p7wjgs5pa1qzvg1tgp9cnu7fbndsv5.png
QmbbSQbZzbFzWLoV3LooZQnjSr7tS3T9jdYSHbDk8WDRJX,qmbbsqbzzbfzwlov3loozqnjsr7ts3t9jdyshbdk8wdrjx.png
QmfDrTqHU2BETm5a8XD5ykoWQCwcGPz4tGhuswyzr8oVJi,qmfdrtqhu2betm5a8xd5ykowqcwcgpz4tghuswyzr8ovji.png
QmfWSv7XnTXc8EVM5VFYyEsC2vJB2vuVZ23UCymNuMbi73,qmfwsv7xntxc8evm5vfyyesc2vjb2vuvz23ucymnumbi73.png
QmRysFFhFFEKrVzLhnE4XDdwZUh5KhXCjnDte2mQ7Wvbsk,qmrysffhffekrvzlhne4xddwzuh5khxcjndte2mq7wvbsk.png
QmUWvx6Znf8csegRqy3XHd89YcSyi1xtJUnG1ofBRQisqJ,qmuwvx6znf8csegrqy3xhd89ycsyi1xtjung1ofbrqisqj.png
QmReVPtyoq9fBw3K6ZQbfqPA2NhtMVyTG15GcYpV9EeWqz,qmrevptyoq9fbw3k6zqbfqpa2nhtmvytg15gcypv9eewqz.png
QmQdFQ4mfZ7qwMgNZyngaSjRKaYEcoZAc4X1D4xv6KyRTm,qmqdfq4mfz7qwmgnzyngasjrkayecozac4x1d4xv6kyrtm.png
QmduBmonJWkrcXJBEmQEMHJuEqeRab6B1PrtYuZjzehHrd,qmdubmonjwkrcxjbemqemhjueqerab6b1prtyuzjzehhrd.png
QmaLp3h9LeEsDbadFF52tdnAEvGu89rnY4CABqHQ8HnUz8,qmalp3h9leesdbadff52tdnaevgu89rny4cabqhq8hnuz8.png
QmZtZzFNS1bk8juCXwM6KRqSd76h6KAE641wkUQxC3xtuw,qmztzzfns1bk8jucxwm6krqsd76h6kae641wkuqxc3xtuw.png
QmSEVYYJX2SErmWi3SzCKABZhNXe5CnifBmN7QSZv9uMGu,qmsevyyjx2sermwi3szckabzhnxe5cnifbmn7qszv9umgu.png
Qmcx6hznGczCo9e7QCkoBD7ZUDe7mm9RMJHbdr53Kq6kgj,qmcx6hzngczco9e7qckobd7zude7mm9rmjhbdr53kq6kgj.png
QmZxxUW98SnbcQ9TF37v9FfZGaWjbZ4EnU4vxoNLdPa48f,qmzxxuw98snbcq9tf37v9ffzgawjbz4enu4vxonldpa48f.png
QmQjjrvBmDuLnrdnXkohx5j1nt5zebgRGRYVwfBFLUVdrE,qmqjjrvbmdulnrdnxkohx5j1nt5zebgrgryvwfbfluvdre.png
QmaSafsQtTzCeJRkmENJLk3p2tySQB7Jbk7KVHqMSgNWx5,qmasafsqttzcejrkmenjlk3p2tysqb7jbk7kvhqmsgnwx5.png
QmdQ9gQp5cag5MwPPFDiccc2BVkX6B6dca2wA4L33gVGLc,qmdq9gqp5cag5mwppfdiccc2bvkx6b6dca2wa4l33gvglc.png
QmXpkL6cVuYNWgATUSeSqsKqJgiomTA5Y25Zgq6YWD7f5y,qmxpkl6cvuynwgatusesqskqjgiomta5y25zgq6ywd7f5y.png
QmWn3aKsnEZTnDehFSE6q5mhkQ6tCU2h9LtXDRd7iCze2T,qmwn3aksneztndehfse6q5mhkq6tcu2h9ltxdrd7icze2t.png
Qmcx3187Crhshhb7NUkM9ZbnczCmNLP48UGhvek8BGpnbh,qmcx3187crhshhb7nukm9zbnczcmnlp48ughvek8bgpnbh.png
QmToLrAD88Pec7B6dpRteJk4xE97B66UEYuNNaQBf3Lg39,qmtolrad88pec7b6dprtejk4xe97b66ueyunnaqbf3lg39.png
QmYCVDL1YxTBqZm5SAQhjtsbGmv89jTcz8D6Let5FDFwm9,qmycvdl1yxtbqzm5saqhjtsbgmv89jtcz8d6let5fdfwm9.png
QmdnnPW6KsV9o47vuyRP83oLusnBtce2nACNqtp6jBp9zo,qmdnnpw6ksv9o47vuyrp83olusnbtce2nacnqtp6jbp9zo.png
QmVjmLh6we1ATQaH9hvcLcw63i8ZiWr9S8KWnHWr2Z1np6,qmvjmlh6we1atqah9hvclcw63i8ziwr9s8kwnhwr2z1np6.png
QmZq3yqA8GZDdkCymZSNxuPQT8e4QdyGJgqBTPN98WiQkW,qmzq3yqa8gzddkcymzsnxupqt8e4qdygjgqbtpn98wiqkw.png
QmdyaJEZEftc5aaRcwaFKxwWsUWytSFyvFXxUN5nCfweyh,qmdyajezeftc5aarcwafkxwwsuwytsfyvfxxun5ncfweyh.png
QmXc6UYiJ4EXyAUg9dPa42z8nCkyD9J1VJL9SJawVHZt7d,qmxc6uyij4exyaug9dpa42z8nckyd9j1vjl9sjawvhzt7d.png
QmPcbRWv5XzQ957SJMbdLkW7i21t5AAUrR93pjFdDcgLdh,qmpcbrwv5xzq957sjmbdlkw7i21t5aaurr93pjfddcgldh.png
QmaX7RR8E4GARyzLoGuyZz54n4cs9K65EzeY6gPFVnDRXW,qmax7rr8e4garyzloguyzz54n4cs9k65ezey6gpfvndrxw.png
QmfEWiRPVYD5MLYYZKC9vHgdLCkhioEzGwaKQXUASoJsxZ,qmfewirpvyd5mlyyzkc9vhgdlckhioezgwakqxuasojsxz.png
QmVQr7dYkgS2dsK5hVjVBmVM8qAr8ehpRXy6V2EcPzUjD7,qmvqr7dykgs2dsk5hvjvbmvm8qar8ehprxy6v2ecpzujd7.png
QmdHUWLS3UefruphgieB4X2iu31dxwKvNKYbEnwZqZEFrN,qmdhuwls3uefruphgieb4x2iu31dxwkvnkybenwzqzefrn.png
QmXJkmaK7ggN2ZyAynMR1Q6aJ4Un1CXsAjbMX49CMgYhtQ,qmxjkmak7ggn2zyaynmr1q6aj4un1cxsajbmx49cmgyhtq.png
QmctnyEcJ6s3udvDgRuLUHz4r8P8FNBvRfnP1aio7mT1cD,qmctnyecj6s3udvdgruluhz4r8p8fnbvrfnp1aio7mt1cd.png
QmTyo4SNzTE1ncupJjzM8RubU5wDGd2cVK5XainWQWjJQk,qmtyo4snzte1ncupjjzm8rubu5wdgd2cvk5xainwqwjjqk.png
QmQYJqm2yfjNZ5RVygTj8WmkRDX4d8tqNcyrZsdywpF9LX,qmqyjqm2yfjnz5rvygtj8wmkrdx4d8tqncyrzsdywpf9lx.png
QmVLUxEFJf2XG22SCc24LVH4J6uFHRM8wwUiWbVzxaycSC,qmvluxefjf2xg22scc24lvh4j6ufhrm8wwuiwbvzxaycsc.png
QmRLAtHjrKGQuPHMN3Wz4KokwqoYeHCEAdHGfKKtP9Ee5W,qmrlathjrkgquphmn3wz4kokwqoyehceadhgfkktp9ee5w.png
QmU38nK5GMQ9o6LDvTJW4vVDLuNYSL1siyQC9yffkkKbkF,qmu38nk5gmq9o6ldvtjw4vvdlunysl1siyqc9yffkkkbkf.png
QmSSd8CEZ8sPceP8z42KGunRxBmrqDvuUEqhUcsbqJTTvr,qmssd8cez8spcep8z42kgunrxbmrqdvuueqhucsbqjttvr.png
QmYzjLYaYUsCjBqwh9FJs7PGcv68nR5fWJ3DGFRFFHuSLq,qmyzjlyayuscjbqwh9fjs7pgcv68nr5fwj3dgfrffhuslq.png
QmVrF5bFFPCMwoFEFcf1B4pcJDfRpis12Pxh95b91AJ91x,qmvrf5bffpcmwofefcf1b4pcjdfrpis12pxh95b91aj91x.png
QmcrruSBxmZZUH4wg89qTTCERXr1yJyFwT1Ygnz5v3EG1e,qmcrrusbxmzzuh4wg89qttcerxr1yjyfwt1ygnz5v3eg1e.png
QmZ8YAsSX2KoUtvh7y2d8hXzMfXfqjdkfsfByCNMNwKdZu,qmz8yassx2koutvh7y2d8hxzmfxfqjdkfsfbycnmnwkdzu.png
QmYBJYu1PmUYWminSXZcZ9ocBA1S846pvR5mHvwbJRmS55,qmybjyu1pmuywminsxzcz9ocba1s846pvr5mhvwbjrms55.png
Qma6o5eXdaJgd6vxBuXf2JeutuYCUU2GTx6tLa3P9z1Tjq,qma6o5exdajgd6vxbuxf2jeutuycuu2gtx6tla3p9z1tjq.png
QmW2FyTrLaa5VQA1LD3h5B8zwA6nApf4FX1YgGQWNYcaWa,qmw2fytrlaa5vqa1ld3h5b8zwa6napf4fx1yggqwnycawa.png
QmSPu7W57Q6McmZQpHLSJiBp5uPFvi9gd7xx5Ky1NFH92X,qmspu7w57q6mcmzqphlsjibp5upfvi9gd7xx5ky1nfh92x.png
QmNrU3YXWaujAXfLkrSuHAtkjWXXe3xdqGXH2pvGZuhYbB,qmnru3yxwaujaxflkrsuhatkjwxxe3xdqgxh2pvgzuhybb.png
Qmc8E19xNRZztutpvn76ACurPPh9wNYGVGucDokwwFmKv4,qmc8e19xnrzztutpvn76acurpph9wnygvgucdokwwfmkv4.png
QmdqevcaabLa9EFXZAPVRytExPXh9kXvpxZjT9zYkU5i9P,qmdqevcaabla9efxzapvrytexpxh9kxvpxzjt9zyku5i9p.png
QmY6pHApo3joWvPieQTCHa6cLL4zu3ZBgkDz8feQ9LkFiv,qmy6phapo3jowvpieqtcha6cll4zu3zbgkdz8feq9lkfiv.png
QmZdMAc4DL3V7dtiXcyqL9cDQPsyWQMq3Z8wK4pCVuwruw,qmzdmac4dl3v7dtixcyql9cdqpsywqmq3z8wk4pcvuwruw.png
QmNpzQsFRdfWrcKX14M3BWswGZe46vS18AtcTZumNqsWzS,qmnpzqsfrdfwrckx14m3bwswgze46vs18atctzumnqswzs.png
QmUQeaLSeWnxZaTZxHVnFMjhvjWbqEXsdy237zo6PHeJDG,qmuqealsewnxzatzxhvnfmjhvjwbqexsdy237zo6phejdg.png
QmUkhbvUATaR8CTeXfBeAZsNqrHzVNxbdE9tqC3JZnodFj,qmukhbvuatar8ctexfbeazsnqrhzvnxbde9tqc3jznodfj.png
Qma1Swacm81wB68VSzZom1kJGcNeSCQo6ph5zT4RM26ZmR,qma1swacm81wb68vszzom1kjgcnescqo6ph5zt4rm26zmr.png
Qmb7Y5mGE3X3vqbiLnzZB2Gy1cjxuSW72whU9m3b4PdjGE,qmb7y5mge3x3vqbilnzzb2gy1cjxusw72whu9m3b4pdjge.png
Qma7EZ1LewYiyYAehy8k7pSmgPRcs1CvG8JCi9KoLsXuNm,qma7ez1lewyiyyaehy8k7psmgprcs1cvg8jci9kolsxunm.png
QmcT4FfivjzFBn6ZFc5Ew6t97P7FJJmMS8TVxnYpPKSfco,qmct4ffivjzfbn6zfc5ew6t97p7fjjmms8tvxnyppksfco.png
QmRjrkfPS1w7FzGz9VCevbxpbweAwkwq4pQem5pChAW7z4,qmrjrkfps1w7fzgz9vcevbxpbweawkwq4pqem5pchaw7z4.png
QmapxDGw4Ki8LiPtAkHAFNvjaYrVwmo5fhCvpVXbjeaCAG,qmapxdgw4ki8liptakhafnvjayrvwmo5fhcvpvxbjeacag.png
QmPgS2gdGgV6fPKb65gwtFrzyZdaP5EoXSBvQjSXJR5zit,qmpgs2gdggv6fpkb65gwtfrzyzdap5eoxsbvqjsxjr5zit.png
Qmeu2kb9ELkzB8y7H3ppgFt7sZgDiMCxBq3wtTB3ArRWAz,qmeu2kb9elkzb8y7h3ppgft7szgdimcxbq3wttb3arrwaz.png
QmX42RUqYXHrN8SD194BbGpxPzm7GGcPvAaB15rxohrCgU,qmx42ruqyxhrn8sd194bbgpxpzm7ggcpvaab15rxohrcgu.png
QmdsNPLCuBBKBUHfTU6qeVxrBpVL6yT3CSxKaosKu3Nq7F,qmdsnplcubbkbuhftu6qevxrbpvl6yt3csxkaosku3nq7f.png
QmQhwcK2TTvo1mEaVyutbkvESubnaY7U3jnCKxVWMb97tM,qmqhwck2ttvo1meavyutbkvesubnay7u3jnckxvwmb97tm.png
QmSXa39rXW21rBhsxfDDqiG6cisuyeZXBs2ofXWdX4SKSr,qmsxa39rxw21rbhsxfddqig6cisuyezxbs2ofxwdx4sksr.png
QmPeWHZFKQfKv8MnsLPH6KtSbjTbVKzS44ABJoAcxMDh33,qmpewhzfkqfkv8mnslph6ktsbjtbvkzs44abjoacxmdh33.png
QmTB7UPncncx8TETbvGegJssTzKa9GpCWEsksw1kTGrBN3,qmtb7upncncx8tetbvgegjsstzka9gpcwesksw1ktgrbn3.png
QmSk2TxDha2NQYF45PCwPo8irMRFAbua6hLxWYb94dapBV,qmsk2txdha2nqyf45pcwpo8irmrfabua6hlxwyb94dapbv.png
QmcfrYAcs7uWrGHuDQHHB4mzHf67iuq69sGFgs44VCB9y1,qmcfryacs7uwrghudqhhb4mzhf67iuq69sgfgs44vcb9y1.png
QmSfyaaARjqjcPE1n8WCG8jujCCAxcFT1i5ZLZngj6WQtU,qmsfyaaarjqjcpe1n8wcg8jujccaxcft1i5zlzngj6wqtu.png
QmUxz25YzPmX8fdVMifxgNRCnYAJqKVmhSzphEj7rjDQhM,qmuxz25yzpmx8fdvmifxgnrcnyajqkvmhszphej7rjdqhm.png
QmX4H67j5Zkmr5XURG94p5qGTAAeYCUoFTKBWP94yGUMSK,qmx4h67j5zkmr5xurg94p5qgtaaeycuoftkbwp94ygumsk.png
QmZUbQ5BLMK1xHqstvHHr5JYAXJhV64Baf7PRZpEuW9wWd,qmzubq5blmk1xhqstvhhr5jyaxjhv64baf7przpeuw9wwd.png
QmThY8TsFrd2Wyugyk3QwAuxeqKXuiLLGivQ2U7h4dxVX7,qmthy8tsfrd2wyugyk3qwauxeqkxuillgivq2u7h4dxvx7.png
Qmbn6LQRwVC3zkrh27RwjFNinzMgjenTmDyvkVkWEsuZVA,qmbn6lqrwvc3zkrh27rwjfninzmgjentmdyvkvkwesuzva.png
QmXjYw5bCmF4FS9VopVnWzfbatUxarZ1ypBi8hmFBm5CfW,qmxjyw5bcmf4fs9vopvnwzfbatuxarz1ypbi8hmfbm5cfw.png
QmQtzDoisLEHdRKwE5xBV2pcEkqSQohExn81rqkGxsxXQF,qmqtzdoislehdrkwe5xbv2pcekqsqohexn81rqkgxsxxqf.png
QmbVajnodHaZ3B9hntEjaR78JjaP8zL4vCNywt1Kmn2Pk3,qmbvajnodhaz3b9hntejar78jjap8zl4vcnywt1kmn2pk3.png
QmRpsxh7Ga5xmwLEedbSgM3CMGZDt8PUfxZUhEiCxT3pEi,qmrpsxh7ga5xmwleedbsgm3cmgzdt8pufxzuheicxt3pei.png
QmbXLaPoDcQoUWhodjQCNQyCGYW2pNny9pAUeH2T81FSzc,qmbxlapodcqouwhodjqcnqycgyw2pnny9paueh2t81fszc.png
QmWwQJwaGRpop49sErPc6HqEhmPtbjejxfN9LgB67gHejk,qmwwqjwagrpop49serpc6hqehmptbjejxfn9lgb67ghejk.png
QmbvLWeadYSGEUqTGgVKdd4thk7Qm2XCGiKs68WCmfWaMt,qmbvlweadysgeuqtggvkdd4thk7qm2xcgiks68wcmfwamt.png
QmVLfwKhptUdyHiYYkgDfqbbHrMq9XCDGpa2ngQSyHVgwA,qmvlfwkhptudyhiyykgdfqbbhrmq9xcdgpa2ngqsyhvgwa.png
QmfXL5rzSwvZ9x3xYA2tUjqA3jxMMgDnERqheFbpopw4cN,qmfxl5rzswvz9x3xya2tujqa3jxmmgdnerqhefbpopw4cn.png
QmZ3yStuSdH8Fo1JUDd9u5k6boK8BZyZ5Rby6YSRTM18ER,qmz3ystusdh8fo1judd9u5k6bok8bzyz5rby6ysrtm18er.png
QmeXCbZP7SnAK23pm16pXEEkDqieNhgmru9sYbC7mVD4c4,qmexcbzp7snak23pm16pxeekdqienhgmru9sybc7mvd4c4.png
QmWVkGGWmqBJ9GNxNTxEQFaZUFyA11opNsABMkrBxzSG9M,qmwvkggwmqbj9gnxntxeqfazufya11opnsabmkrbxzsg9m.png
QmP5D9FtoUZx1hqb1h4iN7EgBCAV43HKJe1gtkRwWfNfSe,qmp5d9ftouzx1hqb1h4in7egbcav43hkje1gtkrwwfnfse.png
QmYbjQjr17SGt4UYEtuZzUJX5F5GFELmnQVc27Bihejtgt,qmybjqjr17sgt4uyetuzzujx5f5gfelmnqvc27bihejtgt.png
QmdZN4Ub9rww5pjYLkBudbcqsJ1iTnizbDbL5SdepbP15F,qmdzn4ub9rww5pjylkbudbcqsj1itnizbdbl5sdepbp15f.png
QmWRnXDiK4RS328nD7rn6NRrqmdJV2pkShjoobkgBdzabf,qmwrnxdik4rs328nd7rn6nrrqmdjv2pkshjoobkgbdzabf.png
Qmcwwc9wcA8kzJ3pKd1p5HkvGh2Cd3W7H9FmZEaAHjE7Pv,qmcwwc9wca8kzj3pkd1p5hkvgh2cd3w7h9fmzeaahje7pv.png
QmebFhnCtcC2GLHMhF3C2WzdU7aJuzUwduE2cmUHKaU1UB,qmebfhnctcc2glhmhf3c2wzdu7ajuzuwdue2cmuhkau1ub.png
QmXDMJ9fuV5XgGonBxLwz3CTss6oNDXcZPTtp4bcAUvCcS,qmxdmj9fuv5xggonbxlwz3ctss6ondxczpttp4bcauvccs.png
QmUrE229N8niyRyHmM1CkFuTmJf9eLgtGt95M36whVq6vT,qmure229n8niyryhmm1ckfutmjf9elgtgt95m36whvq6vt.png
QmPicpS78yQavz92C9Dh82eau6uvSZ2x9MbcQ3QqghH77o,qmpicps78yqavz92c9dh82eau6uvsz2x9mbcq3qqghh77o.png
Qme4e2XweqCyptyADahuvkj832uRZ7jUicGzigWX56sPMB,qme4e2xweqcyptyadahuvkj832urz7juicgzigwx56spmb.png
QmSHPiCvgS8DmJyqsM4wbCCh2hNps38Hcbhuy4mGK3aD6v,qmshpicvgs8dmjyqsm4wbcch2hnps38hcbhuy4mgk3ad6v.png
QmbrdtDoftnnJD6EZ16EWGvCX22gGEETtkyfCM7Cuf8PgZ,qmbrdtdoftnnjd6ez16ewgvcx22ggeettkyfcm7cuf8pgz.png
QmYVJDn97oZEqLBCegc95K2d1Ba1tudJfC8XixSWyD63QA,qmyvjdn97ozeqlbcegc95k2d1ba1tudjfc8xixswyd63qa.png