CID,Type,Size,Token Name,Artist,Metadata Name
QmY4dPtWemsfNSVeeMB6FrzaFjzKEtndwR2DYArFNGatyu,metadata,,CoinJournal X CoinFest (Night),,CoinJournal X CoinFest (Night)
QmdvYTeymswDR4ts7ySYTgQXm2WCXranXUYXzPd29R7Nj5,asset,,CoinJournal X CoinFest (Night),,
QmWgZHLgoP4Ck9j6fnJY2utB864smvGjnYbYuL35EkvbZq,metadata,331,Disrupting Finance Since 2009,,Disrupting Finance Since 2009
QmRzngc9nFTfZZXq9uY4QtkWNMxvrFHXhBVpN6L7dNRQw5,asset,,Disrupting Finance Since 2009,,
QmczAcafyGNWMVkr9DMCDRCDBEnx1h6FncAGZpgR8KQoau,metadata,251,Lisbon,,Lisbon
QmcqmtZTNwAKpLQboz8sfgkVuKThgwo49C2ZGN6RGwwKtF,asset,,Lisbon,,
QmYtPBJyn2Mtvo6uhusHZS9oVyzzGTTLxE4heMBQpA7xpv,metadata,281,Family tree,,Family tree
QmcY7oWfakk62bPEdxLP3tBkiAeZ43t4HpRYpgnNd3cxox,asset,,Family tree,,
QmdU2jFym9padrzCBrH1ADz277qkug4gXRXhZAHVREzJKY,metadata,,Boo!,,Boo!
QmQg1w5G8M7KJyjZqQchnUKyR9UnV7nxTgjaJZvHvqAJDK,asset,,Boo!,,
QmX8MoKPQZNCRz34u24Ah9UQcjYKTNfuxHJA1WhHdxdJiV,metadata,242,Up&down,,Up&down
QmYcqBXkn7R2H6rA3u1nGUSLK9dZL1owd7iJauEV4keE1o,asset,,Up&down,,
QmSzvg5qJusbSyDPE1DHaotP44aXjNMQqes95F6L9YHYMq,metadata,,Wake,,Wake
QmbmadXT7nM3kKomh2UsPgLNSoN2vXTc4vzsdB5hnUFJyS,asset,,Wake,,
Qmd9N4GpbdcTQVEPueeFUdv9rm5EWjniu9EKhcTFDmDmrX,metadata,240,Kurushi,,Kurushi
QmRounaqMhvxdp9qBgv5ccbisWzppPQZzzUoU1fwxRBchn,asset,,Kurushi,,
QmQUF5WDQNpahXuoVG6g22jU6HG9jVRMG2Jn9QMo7EMAUz,metadata,274,Peep,,Peep
Qmb1WBPbgMUYNVtXksbbMThpWtxU7jkDooyoUiLprzubc8,asset,,Peep,,
QmZsEYjbPw3tiTPpce41FUJKTmPxRcrnb9EMrZ1BUCTZ5J,metadata,255,Manchester,,Manchester
Qmc7ymjNjaqsqJsZ5tNskcvUeuBFpuDxtkE4sKXkyoYeVu,asset,,Manchester,,
QmZ9NQCuCrgD8UW36kgxUcceGdaT5h5VbFTUax2FYPomqX,metadata,,Happy Arctic Fox,,Happy Arctic Fox
QmT9iCuqkB9i9U2KXm6YhH5bn6jY7YJwWJHMu1EAsTtB4o,asset,,Happy Arctic Fox,,
QmYooVHGsAoPoM9uWpSYvEA9Hz264eqVyDy53ZwfKvdhFx,metadata,354,Red,,Red
QmbtM2yqaNZ65zG7mJpg93aYkvbjdcbQcP4tzqBRFzxeKV,asset,29103,Red,,
QmVuAWunBXXsLQbo5NZyozqbngdRdykuwuwe1DHiCKUfKY,metadata,356,Blue,,Blue
QmW6YzvhpkbNZJaH1efq8riGfL7YRab1h3iVtCn2K9qTuV,asset,111020,Blue,,
QmdvJxRb2kV9riwzAdoZ1M29AVbda1ktt3waxdcgKUmyXY,metadata,358,Green,,Green
QmZ6bCyQysKJHeUWHik7XZPvAT5JZZjUbbrwKMteaF9Jyr,asset,134992,Green,,
QmdH4J3vhRE7qEJZWFvLaFmvo5WDoczcjndJGkFf4xnutp,metadata,,Void,,Void
Qmajje45W41xUyyrADD7Tshns7MHTbi5VCRqRQMA2Nrp1M,asset,,Void,,
QmRgRG5LCfAbFLxg8e6TZLDK9kBGTpRopJRxrG2ex1rqCo,metadata,,Filament,,Filament
QmVKcRZJNpyXCpv99RtTojqgJwBL5rmY69V8vhcZrnQMQq,asset,,Filament,,
QmVTDkwubtkzG9KofFpQ7d9MPn8DgXarrUCEr3MuhpFpYj,metadata,,Stellar,,Stellar
QmQ6TtUt3e2Dj292Tq3e5ikB14VCMquZiKASbb65NeBp4f,asset,,Stellar,,
QmQwHSwu2iTPF5FVBHNL7TNmg2birznkTg4sFRiF8Wd9Vo,metadata,,Pebble,,Pebble
Qmc8gU49U852aU4wkk8qgzAxBFeHNGj9gtoZqMBxLMZ4Sc,asset,,Pebble,,
QmaRLAyMpNkpPVw75zgZVGSQq6Y7hEKpFNpANW34uTsCrH,metadata,,Priestess,,Priestess
QmRVz3iXXNeowwme3FGS8w71LaFureWu1XGHbPo53TRHWN,asset,,Priestess,,
QmSKFZiGYupMWj34pP2DNM6QwAi328hegSY1EdvKRXdaPs,metadata,,DDF1,,DDF1
QmYdFXbAkxBc2uCN6qXs9xsH9xVioYECDGwsCLYGWW6UsA,asset,,DDF1,,
QmYC1CHvgaHsit4SrCdM5qBxHFSLBroe7Fuw4rokjRjKK2,metadata,417,Happy Friday Bird,,Happy Friday Bird
QmWvF9H5ejccr5sVvvdM7Yj34pPP2iZGwkbyqQ2xvCKJka,asset,119049,Happy Friday Bird,,
QmZLwcWfoWprBrwNMHmwdVjusBoChnpdRxXH5ysbDL2HLM,metadata,416,Spring Morning!,,Spring Morning!
QmTenX8zYBzCPy3HPDWiDLMPAAjtvC4muqWDW5A1yp6BeB,asset,105798,Spring Morning!,,
QmZZZYtNL76GybxkyZCLVuzf4wJXDKbks57RAfmWYsMc9W,metadata,408,Running Riot,,Running Riot
QmVpFrBK5gupqGZNHCrGH65Ju79SivaeiWcsNkjCQDJLF6,asset,75725,Running Riot,,
QmNvBCKVFAantUX3UG93UJnjtRepCW3Wm7kYBh7epMfgKa,metadata,451,Emoji #1,,Emoji #1
QmTHshtetAEz6YQBGVHj3FwWRvsrgo1iixxRH3DpL4LmWf,asset,68093,Emoji #1,,
QmQKv7aJucW11XKvmzUc6CddWRF7n6w63dE28TWSjMDwUw,metadata,462,Treating the Symptoms,,Treating the Symptoms
QmbyCn7o7f3DSrK28TmvbgqW4rH3zYJfyDp3G8TWYYYKbH,asset,80333,Treating the Symptoms,,
QmUYY3LmsqHtruuCWwjTC4EsgbdkkZ7zLEo3gQDvyrgRC6,metadata,410,Hype Death of the Scotty,,Hype Death of the Scotty
QmZNZSGmWidnSoDZ6BcTouyehqi8AwmKqHMfxdptBYHi9D,asset,77879,Hype Death of the Scotty,,
QmSBN8zqqoZvknF5PZjTqgS8mTQeXquNM9mFR4Z3mgx434,metadata,,Liquify,,Liquify
QmVULN1KKYaJfbegHUrgMyLBtCyTyoD6A4ZbjJQ5mLLi5k,asset,,Liquify,,
QmeLxUi7trfYB2EY6aZ2WfeuiJRSWSdNmdhzi57P7jt3Lq,metadata,409,Daffy Rain,,Daffy Rain
QmRUXoMgq5sbzxWGXUUETCMYW6jQnnzmv6wie5svbGSNKW,asset,107506,Daffy Rain,,
QmPNHQ66BQTUWpbhb4vUZjpsuZ4HCXAC96UcbDnmNiQvoR,metadata,,Taming the Lion,,Taming the Lion
QmQ1dv5fyL5uLaKZLRdVDphpGXD8CBt288nrnx8DhE6D1R,asset,,Taming the Lion,,
QmUuQmqpqZv9vyhy8HpAB14odZaRifteJ5zrJ4makq4sLH,metadata,,Too Many Noodles,,Too Many Noodles
QmRC6asEghMxsqKCatkK1eNgHBUHxvrXpwrvGLVJ3FCZyd,asset,,Too Many Noodles,,
QmaTYHj9DzyQLHmjoDq8K6Uj8GZHioV6irpu5jeBpjxd7z,metadata,447,Grass Roots,,Grass Roots
QmPqBWBe712KULEamLZkDBst5TLz7kGJRMjpg6BNbpSGT6,asset,251682,Grass Roots,,
Qmbgc7xgU5bDDwkJfEEyRW1EdsHHwt7sq6AbadL95huWhS,metadata,,Soft Face,,Soft Face
Qmf45K1MsTrfPeiaZFarurPzjREPEnvPcgJX6dDhcEtK39,asset,,Soft Face,,
QmSErLQkxawcBqBfSrtoRZDJzdDxK6pEyLYFLxfHQEXeLt,metadata,433,Bunny Bags,,Bunny Bags
QmZnxsBjuDCMr22na5qjoZFNMytG5xBexTdVC5HPQaLkFT,asset,135600,Bunny Bags,,
QmYmssaNPKZLq5dTQddGTUTA6tas5sSvChZGfrPuoywQEh,metadata,426,DDF5,,DDF5
QmeEwVK34xSB6s3cBJQsvHUwDeKkjvBu2i8b9SnLjhQGQa,asset,61316,DDF5,,
QmUkQDkrkxEg5mUQdM1iH1K3F1uJXmDK3ceVPfg8hHS4pz,metadata,437,Insta Tweety,,Insta Tweety
Qmbdf5KBGAkNeGthdZXdqzKM6J2FLvnqv1PRh74ehxo76L,asset,112314,Insta Tweety,,
QmbTmXPL5F5pttPUJsMwctG2o9SWUGrAVXGpXZeHenovMZ,metadata,408,NEOPLA,,NEOPLA
QmUtcC7s2aLN6ExSDRq7NF5YizZRTcKiXBxdfJnzj3cHGx,asset,167283,NEOPLA,,
QmZ64rsedoh7GWCdcD5roG9ceEPKConDMEejnW9S9xxHnS,metadata,460,Reflection of the forms. Series #01. Art #01,,Reflection of the forms. Series #01. Art #01
QmPbJSNvftbMiTGseCLbZ5JK6i4o8ZtJkT2tjconcLceNA,asset,188689,Reflection of the forms. Series #01. Art #01,,
QmdpsyWiFh8a1Lh5BhnpP4RSkmADU4HQNVLNqC2XcuymCY,metadata,460,Reflection of the forms. Series #01. Art #02,,Reflection of the forms. Series #01. Art #02
QmTniGDzAi7MUrDzBY3ifPQc6uQTJuhPaxXCezRSef6VtW,asset,57200,Reflection of the forms. Series #01. Art #02,,
Qma5erf8N2YU64myn8SBPgEFDDhE4VToAaTYcvVJALRhWM,metadata,437,Martian Bang,,Martian Bang
QmXpsBob8uD4FxWDjh74qkY3uH4CdEy5eCyStB2YQKu7uK,asset,112312,Martian Bang,,
QmPQ7WcYJeDXbRJDTyhVYV3SZKLLpgoeqLid4mxYPXQ3zY,metadata,,Burning Fiat,,Burning Fiat
QmZ5aFJypwSSLbaQUwejUAUGXyuHfvV9LGMCvQQckacKAY,asset,,Burning Fiat,,
QmT5ATCMKrXu3KTafuoJGYvC4vBQfVt3PuFVGQxTEoxYav,metadata,,Taka,,Taka
QmRXk1NshTPfKnS1h2KCUPL6kCFUuuporqwfA9biAysxZo,asset,,Taka,,
Qme4Uzb7RPLRUJ2Zb31E4ddfqUAtTPnbeTEe5AEdfVUbyb,metadata,455,Miracle,,Miracle
QmVKjY4LsM7hK1FQjmznoGmQwt5hMQQoRzz7tkwu44eHDK,asset,358061,Miracle,,
QmPtcQ6pKYhFWyqsPdzysixZnFzbNnEEgUszuc5ymri5aC,metadata,421,Apparently Aimless,,Apparently Aimless
QmTJVFZCcpYAUxs4XPsbYCmmsDpuNHxg7ro3KTmdU5S8bE,asset,264647,Apparently Aimless,,
QmPyX5uJX19ihncWPwUG5AKFx6uQB2vNb21HCLaCckUirf,metadata,460,Reflection of the forms. Series #01. Art #03,,Reflection of the forms. Series #01. Art #03
QmRTdEmN8DfSGbY3N7B1Ypf3gD9M7p1co5Vv2ccFkNQBS2,asset,746428,Reflection of the forms. Series #01. Art #03,,
QmdLRyaCtZCGBWb7V6vBnWFyfz6WQcj65K6Ar2waTRYbMz,metadata,387,Bitopian,,Bitopian
QmXzv4bJNZJeBRU8NgQcJYufyNXVp6jF1ew7gQ8iXidFyu,asset,680379,Bitopian,,
QmTFfsWwJDKm8sGcXjmDobtK1hHnsKUfMQ4cfwKKjFpEzo,metadata,409,Ethereum Inside,,Ethereum Inside
QmYnJymCbHhwmyXeECMxoc786Qsn47X99kSTb41x1kv4MA,asset,463379,Ethereum Inside,,
QmXfRtJGXZf5mgh3TnuWVLKZeDzFb3kHMPv45fBrBqefeA,metadata,,Punkin,,Punkin
QmP6BaQMT4iox8XHVRuZzGqgGckHvRWJFJDHUJfjDRyotP,asset,,Punkin,,
QmXui6AHrntr7EZfEeYmHre9NFQnsyBxZ9hvqWjMzniG1E,metadata,,Hornsbee,,Hornsbee
QmbtgiqztsJgBwTZgNxz5zAbuvP3Ara5EpZbLsRsPdhH3Q,asset,,Hornsbee,,
QmaaK5Xk12bhnfWp4366JZU6mNmG15LUyg9gXRq2vwWTEN,metadata,,Hornsbin,,Hornsbin
QmWvTDCmUCEk1ATpGZxBPXb1XFQTHLQ6YP2X4KcHgGwyvZ,asset,,Hornsbin,,
QmQSGyF9QnBN8FharuDGVZ9yhsY9iuve3tww5fr2iqAM8U,metadata,395,Tamed Lines Two (Diptych),,Tamed Lines Two (Diptych)
QmSeC12QZ7HafsE7oktXdcEGncF5dbjo5Kjn6JzDCneTr3,asset,920406,Tamed Lines Two (Diptych),,
Qmeid2bjFJq93u7AYYujP5Kj4871V8CvSjmdTnRipENFMM,metadata,,Pigalow,,Pigalow
QmbXJJiaBcgRA65vpZzVHhRZLhmM53nTrYdRhaTnmgUunt,asset,,Pigalow,,
Qmav393uKBvWXWBBWRCAa3yUNgXxPiEWePdrtpcLUWGNrv,metadata,583,They Live,,They Live
QmTbJvdAMQAPuyHiv3i6W4nDKguTQZpqfocn4YJ6Pps7H1,asset,1389128,They Live,,
QmNu91p6RFodeE8nB4YzfEPkRMDP5zM1jrrQyVWqxDa652,metadata,,Trigalow,,Trigalow
QmWY94iFXVYS8gTV1hvnmZufDnX5EZcEwMoJ5mpJ3Gny4g,asset,,Trigalow,,
QmXVVZU7HseWdsDDsarQ6EPo9KSYX9CFy4VrfKYzWDF33v,metadata,433,DDF2,,DDF2
Qmbs3BGdB1HPkjULSHsH9kFBAqpPUX7yzGmRfXnAX6jBHU,asset,358140,DDF2,,
QmQ9BGkKHhJnBag8dRbjFCyJdbtsSfK93yYr1eqGBEDPXy,metadata,530,B.,,B.
QmRMCQeMyxRvxFuzpe388VnYsqaSP2NXLwwRKEPedJE8dE,asset,213204,B.,,
QmWYHFrHpyYUUVgR58WVUVnvmLpEhs133XJFKdZCSLXE8d,metadata,497,Emerging Shapes Two (Triptych),,Emerging Shapes Two (Triptych)
QmTz3QQMAX4JCSFb54qtY3gkpkeeS8fHyaB7VQ5vQWAQGn,asset,709316,Emerging Shapes Two (Triptych),,
QmQxYJTwjgaXJWqnE3wZmAXNYfFQWydd7jTpqiVP9CSZcc,metadata,499,Emerging Shapes Three (Triptych),,Emerging Shapes Three (Triptych)
QmfQdEScZiUP7hN8VxN6wukZbFKCuxnNp1mMdWGbyRjRnF,asset,711290,Emerging Shapes Three (Triptych),,
QmPzk5raHryh278i1aYXS1j7aEZqKGQ1dhvJGzXMttvMFp,metadata,,Etherman F,,Etherman F
QmTjU1bV8fZtBuJv9hW4Yccgp31ZyaDM9E1yNQBbhbGpiu,asset,,Etherman F,,
QmXCWEWE4FggifgUfqWgN2DZCPm8DV26gQvLzwSqvafzPL,metadata,,OwnMe (black),,OwnMe (black)
QmTEe9ToKkCwhVaL2GaJnaWg6uR5qgxjWRsPXRyKhauxWc,asset,,OwnMe (black),,
QmYpFifMm2LEqpmn4yVopPWVB9cyqtwiWG18jnKvBvTJFG,metadata,395,Tamed Lines One (Diptych),,Tamed Lines One (Diptych)
QmfFHLgrmFnABLGcK6gDsDJ9itXtEBMWUxj7FX4VQ7m37f,asset,940982,Tamed Lines One (Diptych),,
QmborrEQ2etM5smfTLUKANgwTw7U1SZDSmsx2kx5ywdc1F,metadata,464,Like a Human 1,,Like a Human 1
QmRpqFDQyQHHNzSTHpbMzyFUZkcPzh2tRWpz5qQxwVnuL5,asset,269691,Like a Human 1,,
QmSdS6wUcwDEoiPFBwt1ujSgcZmw5Zwcu56x96pFAx7uSw,metadata,479,DDF3,,DDF3
QmeKY15NvAap5hYyGXQymyQjq5JQ74Lrvmm4MUPYmcPAau,asset,488391,DDF3,,
QmQXaq9kEAN8jGko3p6CTxwHaYDPa2xcuvaCDrWuxVYVw2,metadata,497,Emerging Shapes One (Triptych),,Emerging Shapes One (Triptych)
QmaGsWX9aeciTv5myHphr8xgKHRJW3vvgMSgtpQQYB6NJT,asset,731155,Emerging Shapes One (Triptych),,
QmTu54dUw3Jn2HjiC5HDh31hHPVE1dHBcn3BHHUeps2WTN,metadata,459,Melt,,Melt
QmctDZHWLHh87kNp7qvNXJupfj2Pt7GE7UegfkR1ctcnMP,asset,310228,Melt,,
QmPBDAedauUJUz4Fw9skwuY6ZnF9PtE4VRvjvkwbWWhnru,metadata,460,Tempo,,Tempo
Qmc1g4ddA9TynUfMKCjr6ZFZtcobm4Bswjq763HFe3QsE9,asset,357678,Tempo,,
QmfPHJGGq2sSia4d9osWw7T2STJbMw7RJz6x1PLDv8whqL,metadata,461,CoinZuki,,CoinZuki
QmQvcmPP83hnvzeRnuB1oJm9E1iuoTR4VXZpVeDRj66tmK,asset,255004,CoinZuki,,
QmcCdppXXyQ4UboiUzse7iV5muMMRFmNrNZ9WVT1QYkW9B,metadata,458,Cells,,Cells
Qmb5oFEmSJRFBZaiRZxgMqWwiPkqHL4ARq2v1XBgfnawvF,asset,592152,Cells,,
QmWC639z6D9Mo9j8fKSa8gvn4uSHbfPfB3U2fceg1VJSw5,metadata,520,Devilish run.,,Devilish run.
QmeL43j1gkKmGkmHcwmZqvevKu69LVhULDkgnsmTLP7TCQ,asset,544572,Devilish run.,,
QmcESe9H27GKiykJei29og9ubezc3ZA241BikVKk3am3pC,metadata,644,Nr. 418 - A Crystal Formation,,Nr. 418 - A Crystal Formation
QmPjGxiqCvkESUEcJeTqWeiMzBNYQDCTeUCNo4NfQdgeCC,asset,954603,Nr. 418 - A Crystal Formation,,
