CID,Type,Token Name,Artist,Asset Type
QmQKivcKHc3p2EUg1bHVFW1XhWHBoJz4txRDoc32pZgnn2,metadata,The Tree House,petolas,
QmSBTHnSC38izTK2YgknS3XR7T4f3zDDQE3zseLhqBPANY,asset,The Tree House,petolas,video/mp4
QmPYnqRCPLz4fmea5bbhpk2JfW8gJb3pZ3acf7L2HrMvVn,asset,The Tree House,petolas,video/mp4
Qmb5wWbzUxzumUzxSSG38bZtTC5fQoJbt8MWDmMX8VEeTq,metadata,A New Element, 2021,sarofsky
QmYRkRtBZQPS1AuxhsQbSpJtXyAWswyE1ETjZYqj4Nu51j,asset,A New Element, 2021,sarofsky
QmZZYxPGxMvrWm5v1Ca6cJH1naurhfsdiRUvyb7SVLTc5J,asset,A New Element, 2021,sarofsky
QmSQmiZu9X2CuaoocCVB7YmRr8e3hLamXdYuFmgToor2oo,metadata,The Scream,Boreal,
Qme8kr7S9gYLfUSfnmw2XtxXoFTGU5BNEQfe3VAyo2rRud,asset,The Scream,Boreal,video/mp4
QmYEB25hJHYddrC5dA8NMmQ88QBb3Key4AZ1XA6AcMJENo,asset,The Scream,Boreal,video/mp4
Qmarjv96q9FRL3mxJEJvKwdGDZNc6gSakmKyioqqaHEReY,metadata,The Sandbox Set,CMYK,
QmaKtrZ7CYMb1uWr4cTPTWXLiBtjdM7y7YBCmwLMFHbjGL,asset,The Sandbox Set,CMYK,image/gif
Qmd2F2BtCnPRUjo1FWsGe2gQyudPj2WPaDfMmBuMaU6Wsh,metadata,Stay A Moment,Friedpixels,
QmWtk2thve5CK2kavYLox7m9RzD4mRzsHkFmaEogUPPPkp,asset,Stay A Moment,Friedpixels,video/mp4
QmcBg8xh1ehbPhGAWD67WufLbPn51UXCKYxEKpXEzCVLE4,asset,Stay A Moment,Friedpixels,video/mp4
QmZe7JH7j2Cv34gfuyFmNeVdYnjeYDmhzuE6b1vZLMsT1o,metadata,Winter Bath,Designchapel,
QmdmkPR2m8DzCmt8NDLwpn36pZb7iMbeMHjGsVcbyHzvGV,asset,Winter Bath,Designchapel,image/jpeg
QmcjLnaroaqAS6Hv7YbnKnMbVxgu8cg5pZvoT1sRVq2pQD,metadata,Love Torrent,David-Koblesky,
QmULTjvir25uELYntW9JpWhtU2RHz8hdVc8ptmiwQVtko7,asset,Love Torrent,David-Koblesky,video/mp4
QmRk4tsB2EbdHSEGzRh5uRGG3GgHaEVv7ugDX51cmshpwQ,asset,Love Torrent,David-Koblesky,video/mp4
QmcTj1pkJcRQRiKcNEWjaTKrbyBdooR7oTDGp4ZHZRGYyp,metadata,ENTROPY,OrhanSAYIN,
QmdZhESQaSVHx22ooKXgMsxE2hH1RgPZMAusB9gD2TvLgM,asset,ENTROPY,OrhanSAYIN,video/mp4
Qman6kVzFMacaPqL5bAXU3pMnkoPVh54HVz4dVuRKry3t3,asset,ENTROPY,OrhanSAYIN,video/mp4
QmTWhb56YkAdoGdcGFVL32kennD5jqEMMCYt5xVgYij2do,metadata,NeoWave: Metahedron,Signalnoise,
QmSC6nzQwUTjtHFKpvdiWGpSKtpuW3dNu3Rz6GWQ6CA4fL,asset,NeoWave: Metahedron,Signalnoise,image/png
QmceVkCQZeErtbXjPzNtqERBwLQUxQFDd5Qh2GbgGaBCks,metadata,Godlike,PURE EVIL,
Qma3Ezoy23pbUqZkP5F8s7GZSW34bHBuhnwaBmepuC8m8S,asset,Godlike,PURE EVIL,video/mp4
QmZH7dhvmdjq6LBqDzL8KmF4u31BeCjV6RmEBRLqyDUriy,asset,Godlike,PURE EVIL,video/mp4
QmSNPsUqEhg4Gno5pbEbDzEPxmdS9g8mNvQKtWdoqwgg6V,metadata,Fast Food Souls,JamesSW,
QmT23RxdiqZhpsMpQZ5LdzH4Dy2VNfaMJtHJnPC4CLb9L8,asset,Fast Food Souls,JamesSW,image/jpeg
QmaHP94r5Jge2i1q5CZsJQoeyCeroE1FiDRBkKhwCqHD56,metadata,NOIR SPELLBINDER,leeaux,
QmajoWUYrKZ4dqVcnEKPE4sXiMT3YWBcg1WkMHHJG7sUZg,asset,NOIR SPELLBINDER,leeaux,image/png
QmcegbuhY76GiutioKBxuFJMZ3HAVVAY1tUf6xMKpNqLpC,metadata,Finger's to marginal Identity,Gary Cartlidge,
QmUzPe7vbp4ao8cvnZjhHUv27v5nF62UkMdjni4S59vjxS,asset,Finger's to marginal Identity,Gary Cartlidge,image/png
QmUgefLSZW9bDpbjqr2hCz7AVi4XFi4xN5jRdz3ZxeCb5S,metadata,Preparation for Interdimensional Transition,vectormeldrew,
QmVnDa4obucZmGip77SZF12HTtwKN4npMvPnBDFpbdTMpo,asset,Preparation for Interdimensional Transition,vectormeldrew,video/mp4
QmPJjq3dQKis8xnyD3stnC5TZyULkVN3xA1kiJQKCW9Akr,asset,Preparation for Interdimensional Transition,vectormeldrew,video/mp4
QmcsxnjuNTpX5JzZvvKLcGY7hAadYB53kMkfiWyD7TcjWc,metadata,Listener,michelepetrelliart,
QmX1E4F6kvidhZPkRS7NwXU7A2xBcfFBj7pfXvG1fqLiZL,asset,Listener,michelepetrelliart,image/png
Qmbz5e6Ec8segJ79GbsQZvwWrwpduNNnsbWRZZpBQ7NJ1e,metadata,The Heart of X - ProjectX,Jwawi,
QmbWiuEpSuoXrmbuupX3qCDeaAkPvqf8c1uWnuvh16Rqxz,asset,The Heart of X - ProjectX,Jwawi,image/gif
QmWRZiWtRf7HPKmXZP6u28CCWVZ8UyLm8c5dVU2Bj1pBEh,metadata,OYSTERS,BBB3viz,
QmZ2QbVtNhGPeFfMabNfJrRUqryhKwdRQNkeJi8cuB6MGt,asset,OYSTERS,BBB3viz,image/png
QmdbJpwhRS85wgczbscWHxi1ZnkEXU1NLmduhNcSB54ZZ2,metadata,Nicrophorus Japonicus from Mechanical Insects collection,strss,
QmcsCjhn7H72jHCchbE4xbGnvb8Sofv6Ct7hUHX3GLg58E,asset,Nicrophorus Japonicus from Mechanical Insects collection,strss,video/mp4
QmScLXC2a3qF2PRhbNoHgXPAxofT1mBgWeX3dEVbEfgCSG,asset,Nicrophorus Japonicus from Mechanical Insects collection,strss,video/mp4
QmRee1aQKoUUGMEW8YdJ7c7LmUAAkwi3WfJKvrZwFLKqDf,metadata,The empire that shone like the sun,Lucho,
QmYUQ2GhvWG83bcqARiYCic8wyJygW9i2WLGhQmEfM88m2,asset,The empire that shone like the sun,Lucho,image/jpeg
QmWUSmrPVHXuM5FvZ87aWzJjijnYVp8SkrS6rQvgfH3AYF,metadata,Window,patternbase,
QmZimqSM57SgRRjbgxSLGqgP8TGUbPK3WoCUvR1cu21iJb,asset,Window,patternbase,image/jpeg
QmaBnXXbzn3rjJZTAse9VoudAZd4VXHisizzofF5X5vPSH,metadata,The Magician,midwestmisfit,
QmXXtpb9otaXhWht3Hy2wPVXosdik2aWhqPbffgmTCKsuw,asset,The Magician,midwestmisfit,image/png
QmacHHbvPm3rEdLjHCg5rdw7TRrbEpNKpHqZfW7urTTrtJ,metadata,Caterpillar, Walking,PES
QmPHtJsJE1HAVNutPMzJvSgMwwsxJyCiSmK2kpqED8ABw3,asset,Caterpillar, Walking,PES
QmWhj5WDQ52w2QCeEPS9qJsUn12Buzz4tg3EYJLFAqbUay,asset,Caterpillar, Walking,PES
QmdgP3Q7gzonBgsRCZGSNS8owp31HPRGJQ9Mys6487rKNi,metadata,/ THAT BEAUTIFUL MYSTERY /,GALA MIRISSA,
QmWbNbD5fBfhcVZXm8qgioM6HuknBVk3uBmQZyyqsFpwSP,asset,/ THAT BEAUTIFUL MYSTERY /,GALA MIRISSA,image/jpeg
QmRAxA5gdfddGrN18iP6j3L657ya7rwmVRN9nRESjcCeWf,metadata,Narcotte,Aamunkoi,
Qmey8kkz2xBqr5TjksC521Di7JtFNp5yBA8SCPAKgBGBZ1,asset,Narcotte,Aamunkoi,image/jpeg
QmVAmZunVbh5o3xDCASTQb4skqqQEVXdNa4ooMEa69jx8T,metadata,Self - Let me out,damnengine,
QmWt6GtvTPA5LVMYyaC45NgdrYgXa4B9RcgKnbrsLkmm7n,asset,Self - Let me out,damnengine,image/jpeg
QmZQejidhhyj8mbWzjEciKBe93F3bqywAXX8geZrXCTxSj,metadata,(ΞV3R¥:1:IN[Mi4mi][is]A:DruG{d345ler},Max Osiris,
QmRrdvec2y2EaPAcE8hk15YqfH5aBbCU7xqZ4DN2pZJPk1,asset,(ΞV3R¥:1:IN[Mi4mi][is]A:DruG{d345ler},Max Osiris,image/jpeg
QmYWgXvGfSRv7eUVWp3vGZsM4C4zyUY3pA3yH7sTGkPefw,metadata,Grist Mill,lynden,
QmcC7ot3ji79dkX6jJmuCykVY7xmkjcYPQD2mPUXyfVEGz,asset,Grist Mill,lynden,video/mp4
QmTG3Kba7eKnLeL9gy6tfWfvpqxGpv4faAL7Q71UfuPd79,asset,Grist Mill,lynden,video/mp4
QmcDjYsBe2QcYi6Tce27qho7BfqauBfYpvKEvYpAki7rM6,metadata,Bubble Gum Interference,HOFA,
QmPjczQrMBMTf5iUVy9YtREFssMW5A3tPSr9UULWN6Vsiu,asset,Bubble Gum Interference,HOFA,video/mp4
Qmad2dSqshyiLaVCNauV4adQbBHYLc5jth4oxBUVUeXrd4,asset,Bubble Gum Interference,HOFA,video/mp4
QmPiws7qqAtVhgA1r4R6DP2FL1ugPrSq2S8zRtSejJnPwR,metadata,CyberPepe420,Jessiejess,
QmRbbqrGYdD6ek9pXTd6XKyJPqXi8Y8w1itHADGMDYZ8Me,asset,CyberPepe420,Jessiejess,video/mp4
QmYhkKg5GVy2UmcQKoAAncUJcieEZ4maigrMqVZXAon54f,asset,CyberPepe420,Jessiejess,video/mp4
QmYfLFTAakyNSongXw5SRu9KbZYLVaCRcLGmhtQDvv88VF,metadata,RSI indicator,Gary Cartlidge,
QmYyXaWNTnyuJLhHoA6zQW74e51e4s3M1e65kr4ZBBAdar,asset,RSI indicator,Gary Cartlidge,image/png
QmWgD9SK5HQdUq5Pfr9JDgYpkomfGq9zgLuU7uaGttQpiE,metadata,•´¯`•. 匚αⓛŁ𝕚η𝕘 .•´¯`•,usagigenkakuacid,
QmdfDGrfM9HfqZF43Uqs4ki4TryUn5ZQDuLWWuZ6KQ4nq4,asset,•´¯`•. 匚αⓛŁ𝕚η𝕘 .•´¯`•,usagigenkakuacid,video/mp4
QmT6rrZP5UgTjE5CcRQNCBDsq9DmeL9QsH5FNbw5EMvsEA,asset,•´¯`•. 匚αⓛŁ𝕚η𝕘 .•´¯`•,usagigenkakuacid,video/mp4
Qmd1rMuUr6CJ1YcJsNJs1Jc3MdVWxBLTE3tYBzWJxe2NHG,metadata,THIS ARTWORK IS WORTH LESS ON FOUNDATION [BLK VARIANT EDITION],skyenicolas,
QmdRjcUE8NrXushrnNW26L2jNPYhxD6Ks48HdUbe1r8A6F,asset,THIS ARTWORK IS WORTH LESS ON FOUNDATION [BLK VARIANT EDITION],skyenicolas,image/jpeg
QmWa3aovHfeZ8ph3ST2NV8aL6kCB7q7m1pwyDaW5CBNcsh,metadata,G055AM3R No. P6K8K7,Art for machine,
QmbgrQWbgVAWwDXJvPUeurWe1kiG6Ka6mDUjpuVWNZAgQo,asset,G055AM3R No. P6K8K7,Art for machine,image/gif
QmdZLn1LiwZ5WS7igjuKnU6FhHbFnot11okM8F4XiCPqmn,metadata,Infinite love,spectacularway,
QmXkVemgbDZiVsWiu366FY7tuDS6uqgQGfxdFecEpWeL6L,asset,Infinite love,spectacularway,image/jpeg
Qmezqxve4koxoKWAK26kM3uSx23RbKt5rwYNCcCQjnV7Lp,metadata,Saturation,Baugasm,
QmfDCyLqxm4LkzsQ4sLhVFw13ampPQWLi8jZwJsEBbvQ3F,asset,Saturation,Baugasm,image/png
QmbLwWcTTALa1hcJ6a37W7a6KCA52SrANpekVwHThkB4CA,metadata,Safe Passage,the invisible realm,
QmTduznAkv2bMjEYK4tmy6JnLYyFGNhVySdK5qC6L814Mt,asset,Safe Passage,the invisible realm,image/jpeg
QmTXKx3FQat67baip7k15iFfJtiZyBxbsp2rR7zJnPe7Dz,metadata,Portrait #1,Panter Xhita,
QmT5rxyyx4g5Td1QebaNNvQ9HDLcvncii4vPBZooQ9BXqb,asset,Portrait #1,Panter Xhita,image/jpeg
QmdfHD3B2rDHBKwe2bwNL1fjNSjtqKERYFLoebu9Y9wdMx,metadata,Infinity,CMYK,
QmQfioPd2meNx4EfYkpmM3nVUC7m6JTVD9wJZWZuRaD6iB,asset,Infinity,CMYK,image/gif
QmW5eWcmA56iAhUvA5LbGrT6U3wNrNJb2GYqRARaNSV5dN,metadata,The Man and His Ephemeral Transition,Hulki Okan Tabak,
QmVP2kt6iFHXFGnmMRhSV3dyaGJHWjvXanhF6VLR9EXMyw,asset,The Man and His Ephemeral Transition,Hulki Okan Tabak,image/gif
QmS9nhTrZW3PKQgePiijmohN9atf1TMQp2nL9Nrog6QhtF,metadata,Observe,Sparrow,
QmU5UNhq5h8yzUBKNzoFKDN4fUSmTCMBeHbfDZvCL2HhRF,asset,Observe,Sparrow,image/jpeg
QmURr7WCAdpDhqBpUgqwwP1wWP4nndv2o2HCKbesAC97oz,metadata,Hermes,Adoption,
QmaWdyUnDZ4ngxawsxT8h7SwtqSpegLcGutVv33kYaEN8n,asset,Hermes,Adoption,video/mp4
Qma5z7JhgJnyh9wMJ3yGNzwmJBzaMeUpRVoGuPA5i43x89,asset,Hermes,Adoption,video/mp4
QmS1weLaUP5cLKRUKfruKioeu347CtUMx3g7dsrD6Mz86N,metadata,Space Gecko I,cyrusjameskhan,
QmSy8BqKpEBF2kM5yQCrX2CB5iNgqKH7e2tbENBGfA4vKU,asset,Space Gecko I,cyrusjameskhan,video/mp4
QmNPfSuDjztR7X2MzKNh1Xp8s3chhHt8yJv6Ph33d8X1gP,asset,Space Gecko I,cyrusjameskhan,video/mp4
QmQjy5vF6Ss4LwH8y4jwTWZRSatiTx6fagg6aHhm5SymS2,metadata,Berlin,abysms,
QmQi4TnWLqTkoMNaTL4dBbHtG2GAVwVEU6KbZH4WwHpdwH,asset,Berlin,abysms,image/png
QmVV74mQzN82QXXE2pNkDByGF4dgmh5C8piPE6JfciXBuf,metadata,G055AM3R No. C6S9N1,Art for machine,
QmPU3wQc93tcV1gqwu8Cr1CGvszRuPgJBUNiugY82C3KJt,asset,G055AM3R No. C6S9N1,Art for machine,image/gif
QmWz3EqWyYB35HnU1ZaccFGmXuFK5HrGqAozY73T87JceB,metadata,CthulhuCorp 2030 #4 - Girl and Drone,Kerb,
Qmd5oL6YH63mL8u46UfBJrTGSiB15RrfQ8dq7tdfdTgLRJ,asset,CthulhuCorp 2030 #4 - Girl and Drone,Kerb,video/mp4
Qmf33pEsEMVc5NLyX6twzBZNiGymQMn5G1kADc8Rppnje2,asset,CthulhuCorp 2030 #4 - Girl and Drone,Kerb,video/mp4
QmP7UMeeWqFfXhX4Bw3PjfjM1i3gP8KTJRJ69ZRtriqyne,metadata,Portrait #2,Panter Xhita,
Qmc1aFLhg1CiQdNDPp9w5bBdajCZu3AkQCZSxabtWDCzWj,asset,Portrait #2,Panter Xhita,image/jpeg
Qma1Ab4z1ZwZEYAbBbrnXcXFvcLF1p8KnzXi8KuUwHRCAv,metadata,Demon Himé 03 - Miwa,GreyRadian,
QmdSL3yK3R5nLFdXNGBCjLpDSHT4Scaj3R2jGwyDdnbmkD,asset,Demon Himé 03 - Miwa,GreyRadian,video/mp4
Qmenf5Hey1JbycdiA6JCuDKXPGd8eEvH9jdGn1R25ssRYD,asset,Demon Himé 03 - Miwa,GreyRadian,video/mp4
QmcGCRzVPqSpmaRAueC1Hv4Z8qGCjNKpCcgXihMa7HVSV7,metadata,Intrecci - 192E094512,Paolo Leone,
QmXm5ZM5KU14fqVCMR5Vf1fzfGEZggTjmdRAtWaGKsvCSb,asset,Intrecci - 192E094512,Paolo Leone,image/jpeg
QmXpBDXH5afe8FkDvasceMW65M1WKyAQGx1guzsXm6c4n1,metadata,One in a Million,cesaryague,
QmUNibeV9T4Y6EXXtFPsjgKvfkLCQTQb8gNTSGChGCf6S2,asset,One in a Million,cesaryague,video/mp4
QmTgBV4rZ9mudMAoVQfKq96cqSbqRVctJejmPKK2gmbHFm,asset,One in a Million,cesaryague,video/mp4
QmQWKz8m6HXLsTLfiNysuAAoFR85udWSVXdCpUG6P5vfa1,metadata,Miami Whale,ArtByVesa,
QmRZo3jBhycZbkrcfAytqrgpAUfN94UVFzE9Kj88pknmop,asset,Miami Whale,ArtByVesa,image/jpeg
QmNPavzMaT7L8Q7ZnEjUtF6XgZsLeuG8yKhSY21wVcg62u,metadata,Niger Delta Bunkering,,
QmQgKLhXxSRx8Fz1QAuaBQEUvwfakLzjofuvNtHFNyQRV4,asset,Niger Delta Bunkering,,video/mp4
QmezZxzZs1xbFHrm2TgzhsypT2etbWUBeohCgWhom1o1AJ,asset,Niger Delta Bunkering,,video/mp4
QmPZ3YEWkK7hAkxBzGaHbgGziRDBhYvBaU7iZsj1mFvQQM,metadata,888 in Life, Art & Beyond,Hulki Okan Tabak
QmedyXzYnk24DCJU27W7ZjnyUmLWN7a34jgMzvRK8bC8wL,asset,888 in Life, Art & Beyond,Hulki Okan Tabak
QmRiKpejgsQo8zDPkdUVUozfiUzEFTrE1EZuARjaa8bZ6t,asset,888 in Life, Art & Beyond,Hulki Okan Tabak
QmUbj3MZLoNBu7VkHUL8qYj2QF1vfYsVhTMThFCQASPzMX,metadata,Juanito El Rojo,Zigor,
QmU9RqKnVKk4BdcJiDHyB1Wz6ttzxjRGrhZguwaDKTv14C,asset,Juanito El Rojo,Zigor,image/jpeg
QmfWV4mxy8oxK6VjqCrCcEyY3Q9Qbe3gPzPdA8AdBycodC,metadata,Emzor's Blue,arclight,
QmVJrxRJgHDZj7AKp3Ki3UCDorWyH1bccceibzuFPMaEK4,asset,Emzor's Blue,arclight,image/png
QmfXvfJL725ujJsT4g66sCZQjA4MJj5ZjmixTdBmNonRkA,metadata,Cazando Momentos,lenny,
QmSYKY3xYNcmVokLQW9bbCLexsDW3M9E5pukye9Jw3PCWS,asset,Cazando Momentos,lenny,image/png
QmbvSueTi4mxbmWJxr7C6SHSAk5CfWyrYk5CnKAZBmvZ4r,metadata,Daft Punk Thomas,Booyasan,
QmdWjnF1PJ3pkfy6qBS82vfcLoJ9a7VDUQqeTesNquGcU1,asset,Daft Punk Thomas,Booyasan,image/png
QmP6EuEwNb2kSCkgT9TJCokZmTDruk6YrVV3hcF1BQzd7G,metadata,Carver of Stars,Negative Vibrations,
QmZYVW27SSQmM9pB7kgqKA24oWB6dWqUBBbTEeUkS9GkQy,asset,Carver of Stars,Negative Vibrations,image/png
QmPWKe2rzHE8cYnGHBUEHC3EWKh8etFNVt3j5nC1fyB9PJ,metadata,Stuck in lockdown,Luminance,
QmRpuUdfPFTFDv28t2bmEFaMC8XWHGU1rb2HjfP1jcAVEw,asset,Stuck in lockdown,Luminance,image/png
QmX5qLg6TXJEMQupRXaJ7xHFQY9VCsr53TXLVzXRJWJxkd,metadata,The Explorer,midwestmisfit,
QmT6iFG45gGcRyCZLjV6TfZuamJWWRzoo5XD89teYsPZU1,asset,The Explorer,midwestmisfit,image/png
QmcijNicQzmVryWBNz7PhHdpZ5HmNWd2aPEB8LDbhcN6gZ,metadata,EVOL Takeoff,KidEight,
QmZfbDkpsM5w3YvRbeeKDUPjXs3jFzRckecTQHb9FSRK2B,asset,EVOL Takeoff,KidEight,video/mp4
QmU4gDRdUvMxvmGJLZE7sxPmfn19KtUfGnnNetTnminREt,asset,EVOL Takeoff,KidEight,video/mp4
Qmc8KuU2mjKtJqnqCRhh8tmZREzZBKpWsnphmczvK5A7G9,metadata,unmult,CIVIT,
QmdioHrNQY2jrVqMz9JR2K3XaAVtmD3xU8MMoWaD4aTZ3d,asset,unmult,CIVIT,video/mp4
QmUj9JdYArG3RrHfn7TmQFpgVoFKUxTYsz2JazsvqoiauH,asset,unmult,CIVIT,video/mp4
QmaSMLQGYN6EbkYV358ZqJK5LyDVtesxWySoNAeS1Au7wA,metadata,Cleopatra,CMYK,
QmUmHm4R8Kf7rs2mmAXFfgWnEAonDrfgzPoYV7AcBesYV9,asset,Cleopatra,CMYK,image/gif
QmeYiUdce7tU4qEfpQ3wa1NnvSzR6xYnPJB8gp2PFVLkvb,metadata,11,MichaelRusakov,
QmTo25eDjZbVGR3pnuCbH5HL2gh4eXh5NQrX5Nr2MPhvUZ,asset,11,MichaelRusakov,video/mp4
QmakSH529VcrigLDb2Wk15tPhiM98jm8bP8mxEhz8zdH3W,asset,11,MichaelRusakov,video/mp4
QmdwSFGtWtZbcWT5CRNzTwdbBNsN1HTUnnGeW3qRbdhfwj,metadata,THE NEW SURREAL,ROBNESS,
QmWCBKGdxo1fGFWKxG7MmSTHZBM6QvnRSF2YLVcNn5YsKW,asset,THE NEW SURREAL,ROBNESS,video/mp4
QmX45GwgPwFSemQq1i1UoU6Fjv6poXX8AniVWcQ4n2SVQV,asset,THE NEW SURREAL,ROBNESS,video/mp4
QmSm9bRuoxiKds5K8gYfHDEdFYE1HrWxMkRKrSFTU48Wsu,metadata,Bit Jockey,NeonWasteland,
QmfLz44hCXUKBS38acJftV63CdaD7Lv6fm881HUMoESMuM,asset,Bit Jockey,NeonWasteland,image/gif
QmS22ZWKFJ7Z3uyWacgPgHYhCprtFHxPQVFeACcEJKXCN5,metadata,Lei Yue Mun - The Neon Fishing Village,stfeyes,
QmV7Y75LCi8mHXmiiVkFv5mqXXoEgGWCdcP74U5bjG6YsC,asset,Lei Yue Mun - The Neon Fishing Village,stfeyes,image/jpeg
QmdxZiq6vMvXSuUfokCvzzCjDykAVcJJkPo1iktBDjTFmS,metadata,Distant Memory,Heresy,
QmYta2gmV5VWetpCpL6ViybtWvttrC4WhbHeaCYNJorPAQ,asset,Distant Memory,Heresy,image/png
QmY2r3rD9WvHw7x1sbC7PndvdaeypCKsU42zQqYhLyA12B,metadata,The Persistence of Art,ajd,
QmYrzPG4avRmLPJqkiGGqKRTMcsvsKxZeBGSVE19beTYZt,asset,The Persistence of Art,ajd,image/gif
QmVqgH5EBapRs2bbSHY5uX1Biwih71739hry521Lw29Xt2,metadata,Shelley Duvall 1980,Boreal,
QmQM6xnpNeg5Y1CfD5FMFnDw9mER5UKbjD1vNwcxPphhv1,asset,Shelley Duvall 1980,Boreal,video/mp4
QmdKyb6DH7if7afGm9dD5Kfy5H9skbz9xeqfEKFPfrzkrC,asset,Shelley Duvall 1980,Boreal,video/mp4
QmZt8WHkFfH6DpBkxXoASFgBav2pvquKxbi76mYwcGXwzL,metadata,Cyclical Insecurities,tdizzle,
QmSKZQdGu9MEE3j7rUNxanwMXr6uUu4B7AtYiVwSdouJ6g,asset,Cyclical Insecurities,tdizzle,video/mp4
QmWSqnxQ6nyC1uoNXGPT6XnS1Vge7AV37iARRSao8vRQyZ,asset,Cyclical Insecurities,tdizzle,video/mp4
QmUVdxXnXfoG5svdVvhA4XSMiuTkKUf6V7J6HM4axU1GLg,metadata,INTERNATIONAL YEAR OF PEACE,INA VARE,
QmVEQi1xH9pX9F1eXupyUP35qES3XRdrw4gLWkyUmxaRXX,asset,INTERNATIONAL YEAR OF PEACE,INA VARE,image/gif
QmeKuSAjpDhPd37wdiZmNB9jbpDQDja3gXJMN4rgZN5TVN,metadata,OU THE MISERABLES,starekitty,
QmPYXLPQPXKrGLjfpDWFwGj8UiuaKjSGyd217LyZz27UfZ,asset,OU THE MISERABLES,starekitty,image/jpeg
QmayP6hQgkovCDvLNW7QJTB8h8tuuSXeHgj5Mbj7gYGkTE,metadata,sisyphos,hoonah,
Qmf7BmEiJTcwzEERrxe55WTXxjTqakaFguh4jL4V7PctDD,asset,sisyphos,hoonah,video/mp4
QmWqDNDkEtNyQKPEY8mGrxCH9LbHQR24zEMyp2mcoPwFAb,asset,sisyphos,hoonah,video/mp4
QmaYPfRbyi6vcY3scaHrn1R4scqGDzZ8fxEf51JwCaLtth,metadata,Don't Touch My Bag,arclight,
QmZ44AcdM9cMGMMdYC4CSaMwFW8Nfyc8heMeHiaSJ13Pa6,asset,Don't Touch My Bag,arclight,image/png
QmUrwFeue23fT4YfMBh9cV2Tga7Nrjhw4mwBGgH8wtt5WN,metadata,Janet (Flower Portait),Ashley Marie,
QmSrca5934TbmWYdtkLpT5qfQaTMNqXE4QPDtHZTXDpzgD,asset,Janet (Flower Portait),Ashley Marie,image/jpeg
QmQdW8yodDxGKosTwXSywDvMmTtpoBmVqkks9RAfqVdvSm,metadata,Twilight Landscapes,frickltd,
Qmdxj5YeDSgb6ocqC5v4MNmtg4mUAvdNT8dh3H6TK6xBu6,asset,Twilight Landscapes,frickltd,image/png
QmcENZLifb7U4SazaSXGyoVwjnYEwSWwwkPxV1514aYfth,metadata,Consumer Souls,JamesSW,
QmdgPCRNkiNe184rWASyW2An2nM3DhBvv1qtBPii57sFAX,asset,Consumer Souls,JamesSW,image/jpeg
QmZb4eVA3JmKcgtaP8Q1r7bUGMwhDohv8jvbuT1Gda7bxi,metadata,Star Lake,Nodradek,
QmWjLR6aWtTZngUsQs7JuVpEjQCSvMYvbczvh8QMspxodU,asset,Star Lake,Nodradek,video/mp4
QmVCrGz7q5YoJJqc9QSNE4BULJspWRvBh7Mu4HGJE11xCN,asset,Star Lake,Nodradek,video/mp4
QmTP8j3ra8eRzRgk8QKZGrhj32EAo4BeCHqGJUSFFRnqxS,metadata,Memento Vivi,bebber,
QmSgcQEUrThKUDsQWsNmoEjLZhTpnzyDuBrfaCMnXt9F1U,asset,Memento Vivi,bebber,image/png
Qmdz2pUxhxdDZAXzQnWQbXaBng61ToSmYL3BfMyCHhpSBN,metadata,LLD's Loopy Laser Delight,LaserLewDude,
QmTtpHDPJciqA2hKJAqDih641NB1xjHwdsz2iC9rzejwpG,asset,LLD's Loopy Laser Delight,LaserLewDude,video/mp4
QmcPD7WzEbRfkeUh3po3NS8U9YaCJD6uz2f9Jdr69GHYNM,asset,LLD's Loopy Laser Delight,LaserLewDude,video/mp4
QmXhv3cshGaq8wN2Ts5XkPvuz7jZVoG7yZQmumDHQ8knV6,metadata,Angel of Euphoria,Lucho,
QmeqrUsCPxZ6LaRJtxDCuU4QaqGe7UH515xxo5drJ8Npab,asset,Angel of Euphoria,Lucho,image/jpeg
QmWwT3GAEVDJYffp67bENAbd3s4DyJejBQZB5VyupsKPnF,metadata,From Inner Worlds to Outer Worlds : Dmt Opening Channels,ashtararte,
QmYKzZ1REzEMzjkWn8zceH7Q5PY9Lva88FoktxaTE1sRu1,asset,From Inner Worlds to Outer Worlds : Dmt Opening Channels,ashtararte,image/png
QmdLcqzw6Pa1h1T5RKtHh3RBov1wke75N2iXS25qG3K1Dg,metadata,Mosquito - bloodsucker.,Alex Shell,
QmfEsRwGJcJzgzXhnmL5s4dfpAhXQPAGUjePykuMiRiUjV,asset,Mosquito - bloodsucker.,Alex Shell,image/png
QmVHWzRS3jgBcxom7wToLyawCse1SHoqnMCYV8Uw89hD4a,metadata,Lonely Nights,Stabz,
QmXMYn1CHBoNxh36KaLhmioiXQgkGenmfoW5N9SXu43Ptt,asset,Lonely Nights,Stabz,video/mp4
QmVHzqCVKhbRh1DsFFbjJGyS6Ur7yR7zAHTnW3Nt2BTRLV,asset,Lonely Nights,Stabz,video/mp4
QmbFM3iqd84jDGt5rMsHnXnBbQ9ehaE8scYhdZMo4dKsuU,metadata,THE NEW SURREAL (UNMOSHED ORIGINAL RENDER),ROBNESS,
Qmb3Z4pkzy426MPBsNJzSi8FikXM8EQa4mbEuSjg7JT2Ci,asset,THE NEW SURREAL (UNMOSHED ORIGINAL RENDER),ROBNESS,image/png
QmR5daQSD6QcNsFh9RGQfPUv4NDjotw69Cpm9mRbmkGSkn,metadata,Cloud 0050,Cano,
QmcRSfNhdd2XdtFX2dAJXAyCzT3JPBnYmeLcUjvx3rSDMz,asset,Cloud 0050,Cano,image/jpeg
Qmbcw4ty5YQzXRhjyWT3CFNpiXBhUdwbyzPPoJ1piuczDN,metadata,Last Light,stfeyes,
QmTgm4HjxKsGJAJfCTW6rPZranH6p7HKhUHpxJradvdAQJ,asset,Last Light,stfeyes,image/jpeg
QmXcibMQYFcy49vYL3gEoQUwV2V53qCDTngA29JpDoRkmd,metadata,HUG,arisuleo,
Qmea45wACyQ4VLQEcvsf5pqCTLD8tLeTTBmw6omNMABC61,asset,HUG,arisuleo,image/jpeg
QmQDLHW8aycg2wi7KMc69kbhA5nSAzCU9zETgn6GsgNoA1,metadata,Aster,Maaham,
QmP6ECCu6oVXe9uzDcswRKZ4BjETPhUJtSwzuBKjWjy7gm,asset,Aster,Maaham,image/jpeg
QmTDdfnEcc7SkRnuQ9qeeEaSe74k6nUbS7p7J2sJezpWsg,metadata,Urban Decay,J Harry Edmiston,
QmVekMZpzLMyyuvFXkhsVqqhzkeXx9jC5Rm7advDmKsGkx,asset,Urban Decay,J Harry Edmiston,video/mp4
QmQkgAyYaNZNYd5C2PJ1UkBQd1mehjNA62Czgg1jEr6eZy,asset,Urban Decay,J Harry Edmiston,video/mp4
QmdQZ1V4Lt2YyGdyinZidt55KdWoQivyjrRgBhnys4GoU6,metadata,The Heart of Saturday Night,Hazyartworks,
QmYVsK9bubaXbCNtXGnDU9aotstAnGxhYLwwHrJtzQTffs,asset,The Heart of Saturday Night,Hazyartworks,image/jpeg
QmPeqAGSrHkeomoydBPa4ayz8nDUM3sNbtjmkQa6vYjxpu,metadata,Last Stop Before Home,taudalpoi,
QmZP4ks79RsEjzSxpyGBjQuGZKhCxBhV4HBZjniEfUi9NQ,asset,Last Stop Before Home,taudalpoi,image/jpeg
Qmbpa4ZCFvoJNNZf7HAxw5Qgae7YxrCwTcEtdm5dqYmpPJ,metadata,Special Delivery,NeonWasteland,
QmZKa4aA5MZ3vGachcpztdo4jhdzutNHSzF3Wptnkwn1Lk,asset,Special Delivery,NeonWasteland,image/gif
QmZE1wn9is8XGysFHe3zBshmfF1nQ1TycRhrmrax6jEvW9,metadata,On a break,Mattdreamsneon,
QmVKvxUdnEtG8AhF2q8gRu6AazX7uA2QdhMiWoVEo73XpS,asset,On a break,Mattdreamsneon,image/jpeg
QmUrFEQWxhVX6vczjTNLUndGPXNW2xTv9nfSR8yv9NzKyZ,metadata,ΞViL iNSiDΞ,noellie,
Qmf7sCiKuZj6NUjyz9qtXg35Tpr5RSVVfHvF8UekAnpAxk,asset,ΞViL iNSiDΞ,noellie,image/jpeg
QmU7aRcupuhMMiuiWKirFmDYuELhaFttjXNVGY96Yy2Q4R,metadata,Intricate,Hulki Okan Tabak,
Qmb4EfYBWELEKPNL7jZ9vYFQbha8FdVdeZRehnXcur1BBy,asset,Intricate,Hulki Okan Tabak,image/gif
QmPjP6jFDdZ3HbcPpN8MgCjguDehrPN8CPNkwhyDgJj3Z7,metadata,Neon Chaos,An0cam,
QmYskGE59HVrdghmq3azqb3d3zMMmYBuDxzoBPb7Ucmf7Y,asset,Neon Chaos,An0cam,image/png
QmUKMaY4PTSacSDfpic98Zcqptv5W6Y46pjzHwMjTUjbSJ,metadata,Please Don't Touch My Bag,arclight,
Qmee2TGqZRN6JtpvBjuT5SQbwM2Pim4B8wWDhEwL4oJc9V,asset,Please Don't Touch My Bag,arclight,image/png
QmUqcJLBhaDEwxp5WKV2R94xgyMVdWpmfGJC3GPeA6SKUg,metadata,Carpet Burger,naureenmeyer,
QmPh2YPf4JSUiGC7ENPQNmcZ7jHUHgZosoeQ6C7WC9jogs,asset,Carpet Burger,naureenmeyer,image/jpeg
QmUjy2NiiicB62Jor3P2cSijVL3tVyzSX2Gg3GCSPwifev,metadata,Flare,Tom Leighton,
QmU7skB2dxDyi35GZudPiQdKTwX2cUJXwTKVxjmUciF3AU,asset,Flare,Tom Leighton,image/jpeg
QmUCNjj9Ece92YdyY3aQVnQsWkx68mPy2BedC8Hqsr9Lq6,metadata,All I Can Do Is Give It My Best Shot,CakeNygard,
QmX7f3wGyHkcnErEs9Jis3wya1ZKcEbrVUx7XuzK2e2Ct4,asset,All I Can Do Is Give It My Best Shot,CakeNygard,image/jpeg
Qma1gdnez8fmVGdDiMGXu8DpHnvCHk6gEmbA76jans28Fq,metadata,OXD-A51,Xavier Magaldi,
QmU25KnuW6Hu3UC1RP3bMb1VdQkvZAfSfoXoGahZZRAbXF,asset,OXD-A51,Xavier Magaldi,video/mp4
QmRZGJuxZWUD2yo1MwvmA9dPH7WqympAhLBHCYGB2rqw8r,asset,OXD-A51,Xavier Magaldi,video/mp4
QmXddPP3KvEAfAzoei9D5zzLGwexC8A8mwK46GBtnoL4br,metadata,Late Night Tales,Alexis Olin,
QmfG2Cb2w1cBDrQy7kMHuiRpVx79jXNYsZGfCvjA2TrSNh,asset,Late Night Tales,Alexis Olin,image/jpeg
QmNVVm7oWx1xmJ3mGKZqTCQ2zjbdzfcoLLpuK4Nej3WGGj,metadata,Pieta,Booyasan,
Qmbfq2UqZe1NubD9k6XohYb5sVhtdCZgDNrD6oBK46ZZtE,asset,Pieta,Booyasan,video/mp4
QmU6AvHYbBTFKkR9EUZrGDBU9w88f9atSmNWzoxN3Twszu,asset,Pieta,Booyasan,video/mp4
QmTBnUP5yeTyJ3gEvyp6nvgvtZUiiecXALvL7JDcosp4vN,metadata,Other Seas / Other Suns 5,Griff,
QmaC16pDTcsgu83LuDPyFFusuaYJJuAfHPUHT6Zqi6JhES,asset,Other Seas / Other Suns 5,Griff,image/jpeg
QmcBKuZomKJAWfHtXyWHLCfdnt6HX56jppiNgruDErXa9b,metadata,Three One Three,brendandawes,
QmXFEvQpV2GwGCYKbXCjX2rFSdMt7HwouU8jRTwEusLFbG,asset,Three One Three,brendandawes,image/png
QmTiYbCjMQhQ3UQ4E32rs1wvTwUYxnCDK1xQCCtyHZi1xU,metadata,nereid,ra in,
Qmbrc9sTG1SZoBQyGpBUtzvmDMT2KmkeTAY5nwiuDhPvV4,asset,nereid,ra in,image/jpeg
QmbuwZtvRQ6heGYpQsxZrh71owaobp8p3YxAomuFgzswDF,metadata,I Remember 2021 Sabet x ARTZ,sabet,
QmVXWUpEwM8fq5YqG3VXHkzKn2M9h9vBhUn5VcAJGMifi7,asset,I Remember 2021 Sabet x ARTZ,sabet,video/mp4
QmNeVbVutANb5hnUaifvVuS7VrXagEVKeZePvu59CQWHah,asset,I Remember 2021 Sabet x ARTZ,sabet,video/mp4
QmdVK1ExyCN2SE1nEo8Rr7nSWA5YdaUFty34zGuY396KcL,metadata,Gates of Hell,J Harry Edmiston,
QmaMmMRrDdkSGT4ozqpmwLB4a2kndQXvis9FoYhNjhWS4r,asset,Gates of Hell,J Harry Edmiston,video/mp4
QmWDZJ4cGZHHPvZaCu42mzNjs2efKQgW59q3H6r5kgTih9,asset,Gates of Hell,J Harry Edmiston,video/mp4
QmSsBfo6hpzj7MZ5VG3KXPku5gdJ59NqVphW5SqgP61vuz,metadata,Internet Famous,NeonWasteland,
QmbG6d7r6nD2vcimwePun1KdD3NfjVRYx9d2oiHgCe8Kwt,asset,Internet Famous,NeonWasteland,image/gif
QmYgAJNdBEFost15VnVygn6GCarPQDoepVde2LuuJjkGrw,metadata,Wonder Box,MichaelRusakov,
QmVpnuBu5h6QnrqXUiT1oQHtd3x9ThGaS1wB5x27ym8oRi,asset,Wonder Box,MichaelRusakov,video/mp4
QmRfNhojqX9haKcYaA446ho368rHks7Sy93BkRNwPQK8v2,asset,Wonder Box,MichaelRusakov,video/mp4
QmYHe8WpGExa4a4zdfhZ3k6vvZ7J35tosq1GKoSbVYEWpu,metadata,The Many of Us Damn Bunnies,Hulki Okan Tabak,
Qmai6Kpmmw9cM7df5QSPgXQkLQCSZTRsKKw4bLg4BWtKaY,asset,The Many of Us Damn Bunnies,Hulki Okan Tabak,image/gif
QmbRvL8gKAGdsKE5MT7JYDW9jXZwLG2Nbgr2NZ6mTpz8Ns,metadata,YOU TAKE MY BREATHE AWAY,Brainpasta,
Qma2kMVZtu7cPeCSyoeZGUermFP9ySDg3xtRGxeHPWPorS,asset,YOU TAKE MY BREATHE AWAY,Brainpasta,video/mp4
QmQGD7wzJJbAv3LVqXg2pUHYmiS8Fqebh3pVuNnHQBwUF6,asset,YOU TAKE MY BREATHE AWAY,Brainpasta,video/mp4
QmXthm5qexfMxDJqsqgYPZdWU6Kjz1hgBfzUeTQHdi4yLV,metadata,The Tourist,The Rusted Pixel,
QmXQa2Efy9BxZRYdaAFEhVj6PyxiqfxdHgnLN3gS2kJK9C,asset,The Tourist,The Rusted Pixel,image/png
QmW4Z68u3QJ4SqCmcwpxWbDwritoUDCcfpsAAFM1Nk8ZLY,metadata,Incubated Egos,Azbeen,
QmQEyKXxDYLHCtgzxkY5kJyBXHUz9CpaoAgYSFcwug1G5Y,asset,Incubated Egos,Azbeen,image/jpeg
QmPGJxJkiqBdENVGt35XFshtvnefthTafu35jo6GaDU7RS,metadata,Neuro. luluxxx,lulu xXX,
QmP19L1yKPrSCxQdXcrzjW1qs6WykBTmf6qAbcj6YZBH8A,asset,Neuro. luluxxx,lulu xXX,image/png
QmWiPvJsrwFRWRk12kGWR9NYTSaDRxhzr3K1FgBWYWJyAE,metadata,Cravasse,patternbase,
QmaSJ8qGnGMcDxsx57hf2ehGfnRUeYoehizVADYwtdTZND,asset,Cravasse,patternbase,image/jpeg
QmXihGHdDju3kGBRJAwi7uWu3Dmtoud339nofAPUBEwwXa,metadata,BE POSITIVE,sameerbaloch,
QmSRLuU7Lpd2R5nYehXqNQjHTqRa7Kb5b547FVbanr9jw9,asset,BE POSITIVE,sameerbaloch,image/jpeg
QmPRxUYWSgrUsT2JixStYxL7NSfwWNthRkoZpLmoE91R5T,metadata,something about stock materials,abysms,
QmYLZ8f2EUwtdALhmGKrTBemizRw7D3yvyeftHDE6ovz8F,asset,something about stock materials,abysms,video/mp4
QmSL89aBDn92t3sKq2Pdch5WH5sj1aHn8Lbr4gZsHT6hAi,asset,something about stock materials,abysms,video/mp4
QmQiK7uqpjkSn77sJWqv8onJVAQdDkMuY4GYDENL9tseKZ,metadata,Sweet Talker,Foreigner,
QmfWW9H4Ddb6wm2RgBtLuYtsiEsoH6cm2wZQaqN4ehCbyP,asset,Sweet Talker,Foreigner,image/jpeg
QmeTocWtTapo47h2x2WNJZfgyKj8S8tWAQXLGwCsCznmJF,metadata,Haute Couture Glitch,Cyber Shakti,
QmcCZCQo9F5db8B7pdX4iD834VxreZgidz6GokgWyJ9YtJ,asset,Haute Couture Glitch,Cyber Shakti,video/mp4
QmXwUpvNzKzX3NXSvP33FyzANWbHXxhZUAnoMHEwXvbD2V,asset,Haute Couture Glitch,Cyber Shakti,video/mp4
QmVaWBfTGKeHRk7gf87JMyfCPh6EWWdYEujCZAgfSxhE37,metadata,Composition 1,damnengine,
QmdZBU4h6APL6whiJvT3uJfmkbr4qQVkFDEvQxtjUQaRbw,asset,Composition 1,damnengine,video/mp4
Qmb7uHSWGATZmiZsmKX69DVG7VyJymNeufh1dm2tduQdQJ,asset,Composition 1,damnengine,video/mp4
QmUSorKeFNwr5udamXYQ2q1AYmLwcUGvvHHpGq9BcvJH3T,metadata,Two Sides,damiankidd,
QmcLAvUnu6v327xWXWxUdRFWW5kW5mZXcbmAk4BwSb8Qsa,asset,Two Sides,damiankidd,video/mp4
QmcyWs2gb1UeoHRfznXTqsGjpH13sH8bVnBffcKLi43RS1,asset,Two Sides,damiankidd,video/mp4
QmapRqyP3vhGK229Gyd2YVCcjfCxofZhKcQZti8hm7tVTA,metadata,Lusty Town,Kozachok,
QmRDMvAV8mCbDQZw9KxtH9hLSMn4kz7jYiuDMU9DCPNsoi,asset,Lusty Town,Kozachok,image/png
QmZxooRU7kXVgBDgPferCjueS6omDKdiVQyUKNqRwqjLCn,metadata,Abstract Portrait #1,Wes Henry,
QmbbUGXx8ne7tPqAPBEu4cr9iuAZQLYPgKVZdMuQfh6c4t,asset,Abstract Portrait #1,Wes Henry,image/jpeg
QmYrxTKs7JsenBPxL9sMiRw3LdURnCLpnrQ1dASSWotpMi,metadata,Abstract Portrait #2,Wes Henry,
QmS6VbTqqXmuTTxdfL7k7N8he6PBQmkDxLEcZo6etbQSHm,asset,Abstract Portrait #2,Wes Henry,image/jpeg
QmXyiuazRWYArG6yCqAmqCTTnpexVm3qYkLxVKFhNtgUNh,metadata,Virtual Boyz,NeonWasteland,
QmQFau4anM3GQcohfkTiMgnJ2Jkjv1VSUkUfXohx7VacpM,asset,Virtual Boyz,NeonWasteland,image/gif
Qma8QxbBEYAm8vP7kiBKLkdYQBJRt2ZSUom2ATRmXwwryA,metadata,Abstract Portrait #3,Wes Henry,
QmcifEcASYKkyKVojrtbJAdPuC3ovGKVKxPS9gz8YgsBZe,asset,Abstract Portrait #3,Wes Henry,image/jpeg
QmPvS59Ppij1J1qWXvjSjYaqaWVWUT9oJKMvMhhh3ZaJT1,metadata,Abstract Portrait #4,Wes Henry,
QmUBqcNuiZMgMCpoEHrJEFb8kbEBk6HLZ1UL4NaeF8bH9s,asset,Abstract Portrait #4,Wes Henry,image/jpeg
QmfSsBZZtceSs3xDeoHDmQZknfECST1tiJsMPh6xLuN9QB,metadata,Abstract Portrait #5,Wes Henry,
QmNMLBQqCuLHHFUFWLEEGs3rDtgSdL4HZMwfU6bN8t7cdW,asset,Abstract Portrait #5,Wes Henry,image/jpeg
QmeTEty1JRd3S9SwE2r5MryjEE74LxCyYyFsKNYnzrQECc,metadata,Abstract Portrait #6,Wes Henry,
QmfL6RJCLmwBGfuc5mjpKCzAZ81fuHcyhZaScSy7gV1Kw3,asset,Abstract Portrait #6,Wes Henry,image/jpeg
QmaJtQMhhtM3MGG8eCPUQEtb2qoNAdrQmW2D48cuXJchRg,metadata,Gray City District Train Station,nimbustheskykid,
Qme63tTLQMFiaFGW5UjmxAsXsBMQuL2VqbBh53nu8xfT55,asset,Gray City District Train Station,nimbustheskykid,video/mp4
QmYwaBW6k7RixVhM8rEWcXtadwamiQRMDgf6vnmBjZuUWX,asset,Gray City District Train Station,nimbustheskykid,video/mp4
QmZS73MC2zkFocSb79WDuLE5DbxLWAoHTCmj68H2VKEJ6S,metadata,Negative - New Normality #012,Jerre,
QmUwQ4XRZtdyox9UKVSBuwQqW4LXNsDPN9imjh4xAHA5in,asset,Negative - New Normality #012,Jerre,video/mp4
QmZrM99dB5sN4tYM2R9Vrmohp7Sf4vJFhJmBKdG7dU7jCk,asset,Negative - New Normality #012,Jerre,video/mp4
QmTZeGiMaHPw8pmLxcmQBXK5v7ecnMakKss8zZYv3sQwMi,metadata,Absurd Bunnies,Hulki Okan Tabak,
QmNwkbTHRELfkzJFRpfvwYb9fY3Bh3EHv7mewx6vTdkFA3,asset,Absurd Bunnies,Hulki Okan Tabak,image/gif
QmTa4eE5e7bbjeTLXWoNj2AGBsgtqr5rqXK5Xy5aZKqnPg,metadata,Misunderstood,Ghost Cowboy,
QmVEttKaQKt3Fy7LYCTGeZoKw4nFAMGBGmSwNJosWCTFbZ,asset,Misunderstood,Ghost Cowboy,image/jpeg
QmYhV4qXz69ovziytZkAoLroFh1DyNVLMGTAcZuZbpWD4g,metadata,MOONCHASER,davidalabo,
QmS3bFgFxiubGeqnysuM8zYoUxmoofxMcnB3Zf39WHBGvb,asset,MOONCHASER,davidalabo,image/jpeg
QmXNUoJMKwpQhmDRQ6wC9WkjmQhtcUmNw9NSvU1vrWV7MN,metadata,#586 Axis,tilmn,
QmaeFfEzQ4Qi5Yq6sQN8Rj5pa2CoALCSAMmigva3HcsvbM,asset,#586 Axis,tilmn,image/jpeg
QmZcnxH5mGoz8cADyfUNmGwJXMxgseinxi5fq3B2k8a5ED,metadata,Frank Noir,Frank Ape,
QmY5B4E1dc63x6frPnANyJWHCGgx8Krj7seSnwfmLU4vYM,asset,Frank Noir,Frank Ape,video/mp4
QmYGvucFQM7KSyEyaGRQZ8Neu5dzPcyCU4LpBrjd9YzeyZ,asset,Frank Noir,Frank Ape,video/mp4
QmcMNY27arm9nAsG49yCv1ZNYmXeLQd8sm8yBeBXBZEeiN,metadata,Earth Nectar,infinitemantra,
QmV2RDW3koQKq2UXm2KAeo8sXhmFUduwUq9Gy3LeReniU4,asset,Earth Nectar,infinitemantra,image/jpeg
QmV7QJiLcARLG7uP9W3TV1jFHU8RRFbeVNknjTiE4nFLN2,metadata,Mystery Box,index3d,
QmTTPS7pW6EiQgv6GnyrFFNR5L8AiYZJUC96HTmqheck7C,asset,Mystery Box,index3d,video/mp4
QmaHoWQozLyua8FMYYmwTtcB4VVcmxSjThkqRpHkqk816w,asset,Mystery Box,index3d,video/mp4
QmdqCFfeeiSMJNFe3sQti3H4WVvyqm9vA45sXZ6DdJ7kBL,metadata,a TRUCK /// a CLOUD {spacially off:SET} ++ rain,Max Osiris,
QmPAQtrYTanRnjkGAZR6NCjPvFpVVhukgAF3dyGQh47Uet,asset,a TRUCK /// a CLOUD {spacially off:SET} ++ rain,Max Osiris,image/jpeg
QmemB29WxJT3Gyj7V94mjwjotjbWfNvM8BhdT2rm7akU8X,metadata,Daft Punk Guy Manuel,Booyasan,
QmYdijjr2PqssUBs179NkeSP7GNPUfCSAzE3MBzs9UCqBz,asset,Daft Punk Guy Manuel,Booyasan,image/png
QmY4usmaF2buVqtHRP7HYZWp2Ypz9rJvRpiLKNvwtKAZ22,metadata,Society,Owo Anietie,
QmbVRXq6sMvgHdBQ1kLqUGeJMe5jzaxx36HPGAMvFakCG9,asset,Society,Owo Anietie,image/png
QmSxYz8dUS488PX77J6kzYf9Yuomqo1E1DqgE1mxAtWSUT,metadata,Dragon Empress,chinfongart,
QmTZPJ7hcvS7Ckf8KgHGizKQpkwgLj2XLTwywwAWZtfBt8,asset,Dragon Empress,chinfongart,image/jpeg
QmTnX5S9Qat3BKmshwaDRmp4BsBdMwbvFEV1wYMKs4yeu7,metadata,Kumiko,frankmoth,
QmRA6LUdnYijq8j6RUseHN7QP7WraGmqoPSKYmwmFcy9n5,asset,Kumiko,frankmoth,image/jpeg
QmY24ExbtqqjEa16U7cFNZHpxZCSyGRnoTZquqdnDAYWWH,metadata,calm.,thebandanaboi,
QmQ8PYBPzwTr8VRHyN7Yn1VNs6HDtdhV6qFQ7swzieAn3R,asset,calm.,thebandanaboi,video/mp4
QmQzcwET1GY7AqWE5P3rJ95mTqgzXk5HfvLw14Gok57kP3,asset,calm.,thebandanaboi,video/mp4
QmS66sXvjB67FvwLBH5Cn1pnYiBFFcjy2kPgBFGtSKETeW,metadata,Quarantine Magic: The Creation 2020 Sabet,sabet,
QmTB22uV6kCzaUQLKe43ATropYSX2qU551iunUkxHMWzHt,asset,Quarantine Magic: The Creation 2020 Sabet,sabet,video/mp4
QmbqGXk91FnGF2BuB55khie9j21jXD3D3rQHL1fWJnkT8Z,asset,Quarantine Magic: The Creation 2020 Sabet,sabet,video/mp4
QmNYtAf3c4BmytWmF6R1bvP4YAXzkv6EyCxfa7Cn28qhUy,metadata,Riot Girl,NeonWasteland,
QmcJWFrX8pYaQ6GhQpS3W4TZuaEXgqnL7DLFNZhiU9x7sm,asset,Riot Girl,NeonWasteland,image/gif
QmUWpjNEHLfpDFkbBVUeiSCGGoHpRdYPmmyuouUAeoqAvb,metadata,Numb,Hazyartworks,
QmS42C2bNfJu8c3eoARPCtNtmHqFkWsBXRW8KcNUcjsVkF,asset,Numb,Hazyartworks,image/jpeg
QmW4Qx62ZscifDfQqpLKEnghYxbjPugi8iZsR28AJ3HL3Y,metadata,SPLITTING THE PIXEL,ROBNESS,
QmUdTvuoc9m9TE3WSFUbfSPQMJxL8PCfNoCMeDAAoeoeR7,asset,SPLITTING THE PIXEL,ROBNESS,image/png
QmeLUbdQaYdGgq7ScYbD83e5fCSjPa13Kx5i2MDbCusJfQ,metadata,BeWaRE oF tHe Soul3ss,nimbustheskykid,
QmPNCVQKL6szjkNrrA6enbKRfynKLV859AmPRjf8P5fkVF,asset,BeWaRE oF tHe Soul3ss,nimbustheskykid,video/mp4
QmZKybdQVc6yEFNnqG1QfsG3teTkEDMJsazwBnfNSUYJtN,asset,BeWaRE oF tHe Soul3ss,nimbustheskykid,video/mp4
QmQ9BzXpojnewHW7QMneT7QD8qZiPGny3vg9PAxtUYMJMy,metadata,Infinity,Frank Ape,
QmUG2nSHVhXgzx7YWvpFCnp4TQA27GWppLqaqrpPgT9fZa,asset,Infinity,Frank Ape,video/mp4
QmULJBw3fg4unz4k5cDzwb4pWeYFQZXfvYBpu8aAgWivRv,asset,Infinity,Frank Ape,video/mp4
QmVXNmRMeVMFxNCKykqQEhTGNF4BUPoVMS21PvsUfnMdN4,metadata,Bitcoin Queen,PURE EVIL,
QmRpjsrVHkhayjwK4QMWWmfNXQfLP6PHaL75WanbsHpjGF,asset,Bitcoin Queen,PURE EVIL,video/mp4
QmTF49JE295jkNZ3V6LV5uSyyTmbejECxgm9HakmehK5Hb,asset,Bitcoin Queen,PURE EVIL,video/mp4
QmacuYeGCJWPmdLkgBPvhH7feFp5eb4cMoF42ttqa1yME4,metadata,Visual Perfume,Cyber Shakti,
QmYfR7EwCe4NJfLauU858Hc93ewCVbqqeudjgod2K32o6t,asset,Visual Perfume,Cyber Shakti,image/gif
QmX6uCPB5DXnjriM3L4ZoZn8AoLkFzfvC1HDZPDUij5F16,metadata,Gnarled & Twisted,bertoherrera,
QmVVd4rKzH6BhQq8au4QtPGv5KaGACYw88cUt2JyRE7HUs,asset,Gnarled & Twisted,bertoherrera,image/gif
QmWQBMkHVDFknfYtQH6bfNEuqSUComMHsk7yz5b2vf13uQ,metadata,BIO #,Armdz,
QmTBT5ZAMgWeenEZrnwqj9EX4YnziT6CZMTwtPCGbdNCjf,asset,BIO #,Armdz,image/png
QmS4cJqGCF292mtd2TZanSL3scv2Lp9A7Disi8H9DFppH2,metadata,Next Stop!,nimbustheskykid,
QmQtK3F4MDQYsh1ANyqPUSW4gsrvUSdBrXYERdu2d8Prq4,asset,Next Stop!,nimbustheskykid,video/mp4
Qma2UCMzTBHMVkzUR9fAtdKQaHPwxsNfQk7hrxhugU5QQC,asset,Next Stop!,nimbustheskykid,video/mp4
QmVMG5zPhk18Ro1rkGFzo9tAfW61gEBEWcTQNWeGHGzF3Z,metadata,Kaleidoscope,MichaelRusakov,
QmYtdW7VeDSm3abvj4CcEoZMH8Rk6MKZmDFC8JKkfWr26u,asset,Kaleidoscope,MichaelRusakov,video/mp4
QmQnEVE4mq348deAKZfLKjbb1BQhrGpsKHjUJ84G33Pbmu,asset,Kaleidoscope,MichaelRusakov,video/mp4
QmTCaELjuoX92s9f6zXknCwCuPi1adroXgRndQHKFyisyN,metadata,Shadow self,Sarah Louise,
QmZHUs7dJrFrdBdExrj7oohGzyYjMW8y6hQswErn3hiNJD,asset,Shadow self,Sarah Louise,image/jpeg
QmRrSkMr3KMMDYWoYtcaNAjC8MAzvEbuy52qLksLXaADj2,metadata,Are You A Maximalist?,CypherpunkNow,
QmRntB52hGgYCKFhGAwEMCqCHmd2uqrvyf3wbDu5EACEXz,asset,Are You A Maximalist?,CypherpunkNow,image/png
QmQFiJk2Zrz9shYY6kFN3hyfibUVAzGdhJ83deiaBDLExG,metadata,yellowbluetebya,katyazvereva,
QmNc2126JAnk9UyTH8cW98RcfjAueWkXS16BzTd8mDZZKW,asset,yellowbluetebya,katyazvereva,image/gif
QmVg7Sx3XXX9kjBmEcFWGz94GdxEMG9sudLZZrn5gz9D9r,metadata,Thetan Dynamics (L. Ron Hubbard),saaad-peoples-ag-project,
QmcTFaDsbWFTDwbcMCsgPvVoiLv1McdssLni1wkNkA8Z5d,asset,Thetan Dynamics (L. Ron Hubbard),saaad-peoples-ag-project,image/jpeg
QmPSYAigSzJUknaMXVrhKBUacLKpTS3PMreqUfEo725hPr,metadata,Observer No. 1 NFT,Vladinsky,
QmPuZZZNPC2p1kw5wsGhaZ2FK4QcgFMxs8Sun4KZwBAcVd,asset,Observer No. 1 NFT,Vladinsky,video/mp4
QmVMGHEtVY3zNZDCdU45PyqvARpHTEghA8qL4CS2WF7niD,asset,Observer No. 1 NFT,Vladinsky,video/mp4
QmX9tuZTRoBC7gXMhRRzCddQ1xNL5KrZb9hGSaXA2rrNax,metadata,Surreal Bestiary,Hulki Okan Tabak,
QmauGRcRX8dmZAjKmkaWsTJE1NadCAoB78tAJRRUmmdsaN,asset,Surreal Bestiary,Hulki Okan Tabak,video/mp4
QmehBFMu4bEU6LafeKLFBGcwoBhTU7aQp26gZxGwfS4NW1,asset,Surreal Bestiary,Hulki Okan Tabak,video/mp4
QmcXq7mQZx5XKe5ZstrHEdgw8RmDLiNpaM9kKUBQrMrHRw,metadata,In The End There's An Ending,colourservice,
QmY3aeca9MbdKzaELt6ExJqqxT9cW7eMzESmPfJD6dKYvY,asset,In The End There's An Ending,colourservice,image/gif
QmQHLEVMnPQCqCdRL3mHxdoXWh4KhronctGKqhELRYfhkp,metadata,DareToApproach. XLIXmerger Collaboration 11/49,Dead Set,
QmY7DcqgnB1dBYJwEBXYoCKSFVc6rfThghPh6TeKWz4FmK,asset,DareToApproach. XLIXmerger Collaboration 11/49,Dead Set,video/mp4
QmRmL8yPoGrAzSc6nFWFXfH7jVJ7agrq9UuueLzBoMVqaS,asset,DareToApproach. XLIXmerger Collaboration 11/49,Dead Set,video/mp4
Qmc6EityJD1pjQR17xedhDbgaHpayomj9YwKQp2v2jvMgf,metadata,In Bloom,JasonDuckmanton,
QmPF3uXB5eTCpjh5jAv1iFcb3Ka7969nq2jJq1qk7b6qSr,asset,In Bloom,JasonDuckmanton,video/mp4
QmRn8apaVtLxF5QAZwTe3Ht2D3KjGdraoX6bYs6cXF7TPx,asset,In Bloom,JasonDuckmanton,video/mp4
QmXXUGD6xqbu9xrTGhGg9d4pKE7td555DeQDLrur4kV82a,metadata,Viscount Tyndal and Lady Sarah's Unchaperoned Date,maryronayne,
QmQ62Yf5AmS9pjUKg4gzsR38zrcEXBAwCaN7UYnsLthw2n,asset,Viscount Tyndal and Lady Sarah's Unchaperoned Date,maryronayne,image/gif
QmSwTWhNXo6PZhWmyfW45K2B4TvkUG8Rh2QRbhZG1XDLBP,metadata,Midnight Metro,nimbustheskykid,
QmSMiA3YK7v17jJSTCgiPaQWTyuVjdYGV2DV4u2EkC2ST3,asset,Midnight Metro,nimbustheskykid,video/mp4
QmTDuEm87K7yF1UostAYfPQdpSb8i1e1wXxRgPQxyReECm,asset,Midnight Metro,nimbustheskykid,video/mp4
QmfFVfRb2YYbd3HzmosRaNG1ZtQGTBnNf1nfkUN6vUPA9i,metadata,House of Gods,Adam Martinakis,
QmfFvH2b5M5aECrpVPG22fjTp8k7F2sEdRGnydLTUPgph3,asset,House of Gods,Adam Martinakis,image/jpeg
QmWptRkG6yCe1zWUnhLBz87arVtZiBqwKDzuBBXwHH2fX9,metadata,Dreamscapes,dielamaharanie,
QmQdCqXVhfYhh4T6prTYn4oqeE798S9eDCH3zAb4jDrto2,asset,Dreamscapes,dielamaharanie,image/jpeg
QmSRGeaHwT49sXPJp6P4gt2xSjs6wVHbdCNGvdzyY2StWk,metadata,galaxiband 1.1,odo,
QmT9kLsmw5JoRFYkDFRi37ayQEkCxYv6P7z8E9Y92AQ3tT,asset,galaxiband 1.1,odo,image/png
QmU3dainmPoWPBkhbstCZ8xAFD8hzUBysBpvT2abpHF7W7,metadata,Fourth Dimension,camibus,
QmQojr24iCuqD78xVwxYasNCnjUwbmjvRdx8sj5A3C9HsV,asset,Fourth Dimension,camibus,image/png
QmPaZiXV2UPFYQpMiwe35ryXhHYy8qy9q3kKXb8VgngM6j,metadata,SHHH,Sarah Louise,
QmYDRkn4Yc6ZLu5E85TpwjV8RtDk8mrW65gvfCg7GvtaZg,asset,SHHH,Sarah Louise,image/jpeg
Qmce2ry5J1gbaZjtPHXWF23A3CemjDFSXkbzenr2SYB72J,metadata,Space Gecko II,cyrusjameskhan,
QmbXYoZ2UB498FUzADfKcg7NXKv9zrq6jyCK2bNGxXie3K,asset,Space Gecko II,cyrusjameskhan,video/mp4
QmVGCUpQrHJQhkDR3phEekFWfq19MfnyfENygEU7JC4Bit,asset,Space Gecko II,cyrusjameskhan,video/mp4
QmVNCPDMDidQY5wcWUQmiaDzR4Hud6iDqGwK5v3sZAzvb3,metadata,Hemlock,SiljeThorn,
QmT8z9eXKjGFZTjjjoDEvGerVsiHzDwvcihsPpjx9io5gJ,asset,Hemlock,SiljeThorn,image/png
QmNwwKCqYAhx1kMNRG7y6t48ZeT8zNoT7j4rgsRJmBdWXt,metadata,VACUUM-040 ( M A X ),nigelevandennis,
QmSRU4MpQzwquETFEYHxdxqjADup1S6urWtmFo4wjT4cbx,asset,VACUUM-040 ( M A X ),nigelevandennis,image/jpeg
QmbCtmodAEZ2KtgM9NDdqjQrhCGcLcP9ybSBfAVKb2T5hG,metadata,Allegory of Salvation and Sin Reimagined,Hulki Okan Tabak,
QmdekhY2Hm9iZ6P4UCU5unvw9RHkM52f24BzRwW1o1DqAF,asset,Allegory of Salvation and Sin Reimagined,Hulki Okan Tabak,video/mp4
QmXiR12pkq8Tgh3QMkhA7kSfMnWEHp3sqyq5osQnuUTvSb,asset,Allegory of Salvation and Sin Reimagined,Hulki Okan Tabak,video/mp4
QmeGBeu1qWCZv8AXkp7TauVwABAvZwrNMM8rRRtk4smdWb,metadata,Connect with being,Disturbug,
QmNTKn1qipAdX9Y9mzXFgWvrhmEu4SgyeWRAQdJ86wgn9U,asset,Connect with being,Disturbug,image/jpeg
QmeT7EH4sXBKn8F25ovSa8qBnoRztNudboiaQtuG14R6zJ,metadata,Les Mystères de la Baie,Lapin Mignon,
QmW8nZahr1Gz7MpzJRjv8bNhh4AzmiQpr6iM9DszbtM6RU,asset,Les Mystères de la Baie,Lapin Mignon,image/gif
Qmf4GWFrtgJBS5RsgpqFGRGtn4SMcq6H9hFBhurf6fXrAD,metadata,#543 The sum of all things,tilmn,
QmdNBvUdDBqffrSt9QhipNKuzos6S584RxgzztqpwJGU2r,asset,#543 The sum of all things,tilmn,image/jpeg
QmThENbFRS1hJ4wBDn7qGh8f1J7idYibVif5gTdaQGipGZ,metadata,Understanding Dimorphism Specimen,Gabriel Rud,
QmdyfvoHbfwuAdxYGRbyoSMz18w1pWx6zC5Q7Me4EYi8F3,asset,Understanding Dimorphism Specimen,Gabriel Rud,image/jpeg
QmePhBFnhftdJXVGzkXuGuL6vq2PVBPWDizxy1qo3PUmWH,metadata,Marilyn,LeBaron,
Qme2cnFETNX84AFP5iktW9st6aUy2TapWZdArkdqDioCr6,asset,Marilyn,LeBaron,image/jpeg
Qmd9LkjEQ5sUsv9bVJsCba3nqAh41QtgNGf2YAbjpAfcth,metadata,LITTLE WORLD,LaMonnet,
QmXTjTQ5wTjUUShxFaw8BxFs8VA7UmEN1EZEKu7JidGhNS,asset,LITTLE WORLD,LaMonnet,video/mp4
Qmd4jrv46PseNHP98HwdsdwqX7ebyPDXuDvmoKercYtBUF,asset,LITTLE WORLD,LaMonnet,video/mp4
QmeVUgnDhz79zCruHZ5yTnkcxpvkqt4w1FxnT6vXYEnKmw,metadata,CHAPTER III THE VACCINE,Boreal,
QmRdahRBZJFMLF9NL5EDU3JN3XRjp1TCgpwAgDiAFgKqZQ,asset,CHAPTER III THE VACCINE,Boreal,video/mp4
QmNy37w28xfHvVfFRbb6bmnkf7PQnfMHEa92a63RTWecjh,asset,CHAPTER III THE VACCINE,Boreal,video/mp4
QmZeTY5GeH9fNxr7mNcXcLx4sN9if2CqaaFeSKccp1AUWx,metadata,Movement and freedom - Brussels,SandraRuyssinck,
QmQYXAcX61fQc1goaBHrbAKLpW7cpLBGTqJAvtPyhze5qW,asset,Movement and freedom - Brussels,SandraRuyssinck,image/jpeg
QmSsteczaaoGEjwPVR6ReKgK1oW2jb6M1Hh7GQsyTBYsNv,metadata,Eye ExercEyes,Isa Kost,
QmWLQKNkR7xGBKECEphpFdjVFgS3dwa8rGWfUHFu6z9EoY,asset,Eye ExercEyes,Isa Kost,image/gif
QmWWdWjyTcc72Cm96pQ1txhPdMxDp2MoUDG798DH8Y5GvN,metadata,Siren of Anthemoessa,Ola Volo,
QmUe2Ka1Qc3ZubnsFv7ne85fJZFYcVNJmfmQepyPF76Kev,asset,Siren of Anthemoessa,Ola Volo,image/jpeg
QmWXxeJomC5n4R2SbLGBFhEr4Ww5WXRTWL8mZfJijidPVa,metadata,Lovers,Ola Volo,
QmdftUmbXQr1nBEsfLpSvGdnfiCcqrBwzzUrKBiFj7iTes,asset,Lovers,Ola Volo,image/jpeg
QmPxFcTaeuT3s9b6vpM75oHpGYSjoCgidYnKbAc52qfo5H,metadata,resonant fluids -共鳴する流動体-,mera takeru,
QmXoVonLD9srzB8A9EVPY7ht8WgbGcXKdZiqZyyZGV6qME,asset,resonant fluids -共鳴する流動体-,mera takeru,video/mp4
QmcFCoMwLS1XbSVQ6dnVR8zgHQYgYcdna5djBi875iDiiX,asset,resonant fluids -共鳴する流動体-,mera takeru,video/mp4
QmQXKEsWtppqKM7b4m56sZwf4aC6J2MfNeKG1gpBt14Jd8,metadata,Milango ya Haijulikani,Hulki Okan Tabak,
QmU8SYwzR8ZDwKJgdZ8dJaNDT8KSAqhffnTcdmdAvEGcMh,asset,Milango ya Haijulikani,Hulki Okan Tabak,image/jpeg
QmVMag8dzDQwGTBXuoyXBe9bpmuYykgojRzHB6fVbnXEEm,metadata,KnownOrigin Rubberstamp,Mattia Cuttini,
QmQG2LFDYWecLU9KU9BXCbCHDzcMGqM142iZPipG81ENMo,asset,KnownOrigin Rubberstamp,Mattia Cuttini,image/jpeg
QmUUFBiwbQFGRthjggaXvYPH5mTjkEAVVVxRTA6SQMywyP,metadata,In Flight,David-Koblesky,
QmPSDHZmnpMDZhfZG1Hk2ecvuWrtUZhEu9eThYBPUEc2HD,asset,In Flight,David-Koblesky,video/mp4
QmV7bYQbnLenTEkznN94odm81E6nwFEGBsgvwntZRyr8BA,asset,In Flight,David-Koblesky,video/mp4
QmQZau58HUyqWTSuzS3gW8DtWUomJyUqiDbbdcCbf1BZeE,metadata,Different Dimensions,Dario De Siena,
QmcnuDMuJaD77GfvUtW3ZitFmQ3koobEJtJE6dAPvuHiC3,asset,Different Dimensions,Dario De Siena,video/mp4
QmUAZdmshbwgCqsZMb2yxgaC46eQYeQiTL1wcDuPKQ3E1a,asset,Different Dimensions,Dario De Siena,video/mp4
QmXDQTHMg38hTsjpHDgqonm5GVsAN4AmHx2N9pBN8HQL4V,metadata,Mercy,russfuss,
Qmbo6Py57jUcyjkPbqb2CizDT6Nmwt7igEEsy1dwhuaeZN,asset,Mercy,russfuss,image/gif
QmUmdr3CG26hPUGrytw53cGFySbnA8zFu9NC8C24S5oy9i,metadata,Snapshots From Life : Rainy Day,hairofmedusa,
QmW4QQUWXQob8qxMkuH14tU3MyLbDqbo8cueo7f6ShBinT,asset,Snapshots From Life : Rainy Day,hairofmedusa,image/png
QmdzaiYhu9EWfFhy6RzDHvLrdG4fvzGsjPkcwuuhRB2Ca9,metadata,MA VIE SUSPENDUE,pleshkova,
QmcnzfUhiYx2Ub3JgoWR8gg82F49GVXUZNuQ7iMJU96ox7,asset,MA VIE SUSPENDUE,pleshkova,image/jpeg
QmTvnZSppyY543Zfk9SUqn8Vi5pouWzCuCA2v2KET5K3a5,metadata,Siren of Capreae,Ola Volo,
QmdRGQ6D3GzhHGbonbdRKDJS8X6GszCAY2XpUi9fneiKFN,asset,Siren of Capreae,Ola Volo,image/jpeg
QmepYjcnvMja6JbkcbvyQenzLLnQbQpzJUaKiv4HrXo7d4,metadata,Desués del silencio - #1,Andres Senn,
QmYvd6zebaPtCACBkemWRyYaQPrb5hWwyijzQgxScttWnS,asset,Desués del silencio - #1,Andres Senn,video/mp4
QmRZWQaHeKDERZuThnEPqgcgKdsQwEewkY5bSwrwQjCk31,asset,Desués del silencio - #1,Andres Senn,video/mp4
QmWBi4egfc2wyYj6tEcrcjyPyXSo6eGaKtDhyht1YsCkkf,metadata,••¤(𝕊𝕖𝕟  ƬΛП Gï Jυƚʂû̵͉̀̒̀͂̋̈́͝˜.•°*”˜,usagigenkakuacid,
QmV1CyNHYoBewtuVufo8Q2Hj6CBNnnnyZMbFd2rFF735x4,asset,••¤(𝕊𝕖𝕟  ƬΛП Gï Jυƚʂû̵͉̀̒̀͂̋̈́͝˜.•°*”˜,usagigenkakuacid,video/mp4
Qmd1dC7m4ReK6eMTuAqPhRrWNR2PqCcUfCtiAobTcPEMHP,asset,••¤(𝕊𝕖𝕟  ƬΛП Gï Jυƚʂû̵͉̀̒̀͂̋̈́͝˜.•°*”˜,usagigenkakuacid,video/mp4
QmPNvkY2dQTfGUdmWDAhToZ68s994tRdqoJ4bx6mnGGpxj,metadata,Cabocla Jurema,ashtararte,
QmQjE2xukRgWdYAifnKQu1e24rsfTroM3tas8yLrd2pNpC,asset,Cabocla Jurema,ashtararte,image/png
QmV2adExygYFGkJJgScah7e1x7nPSv23PQmSJKPnhnkZ8G,metadata,Present,katealexandria,
QmRWTpnTN9LpFVmGkgoJntuj1cvEwN5xo454bzeyNA5qXB,asset,Present,katealexandria,image/jpeg
Qmeq7uHsPgGVp4iiqcX7wd7p9dbfXsW2D196tzjLdgFnGn,metadata,A Wise Monkey,Geoffrey Humbert,
Qme3ZjViseoeswWqvKQUYukm9rQ7zJjgKjznvWxVyR1oE7,asset,A Wise Monkey,Geoffrey Humbert,image/jpeg
QmYpPyRLLzkCFthQTbJjzEffSyYUQqGhNTxFB81DHjeAbn,metadata,Venom,Booyasan,
QmeyTCx2E3o6nib925xSnaCTLVS4iAn51CyNWN9JYdz1fx,asset,Venom,Booyasan,video/mp4
QmbN2j5Yo2QVS3RfBwfBrRPFFZAcp1xsE9EQRnjASBmXo1,asset,Venom,Booyasan,video/mp4
QmYFFvrZLBFxGxX4wwVfb2VBTFwd3Pj69yx4vTfZdnYUUp,metadata,Divine Justice,Nos3Darmus,
QmdKQfJXws2CvAcvK7QzTPHJxdoEe7JBwCij4WVfBbc9Q6,asset,Divine Justice,Nos3Darmus,image/png
QmXiPUhvbBpdkG58H2DzrnBTUNf9t2AquiHi7XErHQt4MS,metadata,Creature Has Woken,Hulki Okan Tabak,
QmRYTgrPqQecbF9BVSawaGKid1XYwCFNPghxiHTT8PasHe,asset,Creature Has Woken,Hulki Okan Tabak,video/mp4
QmYdjoErJRnqfm4CnsFzr8Yfre75hb1rDekSeumMm3GNry,asset,Creature Has Woken,Hulki Okan Tabak,video/mp4
QmXApc7PVQEzUjo8VPNoqgmRbcgUw29kqGn3bVmiZf9XEB,metadata,This is not a simulation,idflood,
QmaForJxij3wHo6EAmnRnApAowxjqocfVPNxyZXrbCph64,asset,This is not a simulation,idflood,image/jpeg
QmPPbwFz4aHhkMFnDVSzkDvEJkF3TVk3Tydv6BjyftetFc,metadata,We Are All Satoshi,CypherpunkNow,
QmX7n7ETarfLDdrWwcZSvyAwrADrvNproS5BbQoACziz24,asset,We Are All Satoshi,CypherpunkNow,image/png
QmXSz8MnegtevZxNxf9AvuSJ5cFXBNPPai5DGH9HMdPore,metadata,The Rebis,AIPsoul,
Qmc2rjrPHVSZjBAPxBH6Khv8b5ADUXEVakQRyWBZCqaHp9,asset,The Rebis,AIPsoul,image/png
QmTtpUtrks9Y9aNpmQNgmGwgFjNJB3QEGNHhnM2Lu9eWT6,metadata,The Butterfly Effect,SAAAEZ,
QmUvLwh6Ks9pufY7SmhhRADgVfdDSdYRU1Dqd9hBBaWAHg,asset,The Butterfly Effect,SAAAEZ,image/png
QmUYDxLM2Qwi97N2J1CUUZp7QH2EpcpApz5d5k6aJHYd3C,metadata,Imaginary Lake,Hulki Okan Tabak,
QmX3Degp3VWLV3LGP6W8KEFoNjh1mL75grSGZfyUK1EPkR,asset,Imaginary Lake,Hulki Okan Tabak,video/mp4
QmdZK2ZVCCm1epct5uiMWbz5QaTqoBLSAgTJNzkvQyBVdJ,asset,Imaginary Lake,Hulki Okan Tabak,video/mp4
QmakrvdtYasuMLVBa47YmMthFaSM966Yi1e3NsngXpgjqF,metadata,Portrait #3,Panter Xhita,
QmPXDHrKzuySDmW7akKZAJUQRYph27U1P79YPw5ByMJn5i,asset,Portrait #3,Panter Xhita,image/jpeg
QmP887dxT5rwk1pbbCfme8FpGSZ9ntahkXgjUWysVoH6Am,metadata,A Sign of the Times,Sarah Louise,
QmNzMA1emCDgXsAHwxyEDmahtxx3e66KZugQ3xjpACep1j,asset,A Sign of the Times,Sarah Louise,image/jpeg
Qmcm6Hk8dZ8D2QyKxxBPD6pi9Zb2aRZq97x7oRXLB242N5,metadata,The Tower,Monfa,
QmbQbgVPBcV714LiFQGb7hbvAPT32eNsw99j4eCPSYJZY5,asset,The Tower,Monfa,image/gif
QmfCX8J96AZy7TSYeGLsu2AboUKFwMxUSDPo3ma5rxPGVZ,metadata,Lost in Kowloon City,stfeyes,
QmVkRCscbKaGiyLHr4HfiNqP4K8PDpm8BKurzkXrFFc7qv,asset,Lost in Kowloon City,stfeyes,image/jpeg
QmNsCQQTF1uUNnUZ4EW1Cp3uKp6suo8xyXkKqhQNN98aXN,metadata,Commuting to work,Shindo,
QmaWFEeMpJ6E8YtVCpc4CSxtKnqJx4Wi7PSWbJJDFgCHjr,asset,Commuting to work,Shindo,image/gif
QmczFjrd4ReuQNVmBz627GiWijQsGejf2enHVT2ZSCZ4cc,metadata,.destiny,memorydevice,
QmUUi7Ur5ujC6HphE138RAPP6eV7zXALDFoTkVWPzcMhd8,asset,.destiny,memorydevice,image/gif
QmeL4ohmRQUKCkD3MeqN7wAKVnBZEwsAazpVt6rmZEhnvr,metadata,Detached,dielamaharanie,
QmXeR3MUQAGQDVMDYSdVD8C9b8wG347AdLtH9pdQsfJov7,asset,Detached,dielamaharanie,image/jpeg
QmSvezW9oNe2HnsgPCiJnMdX2erK4r9EcfYnV2YBJ1MvGD,metadata,I love You,Booyasan,
QmcjQzRgxZzX6ouLJuNjmig7nNnZbQLkEGa4Z9JVmjzLPT,asset,I love You,Booyasan,video/mp4
QmVn4wtTEUsqddth531hVKvVnXrpU6rYzLSfcLFcqgxfZ2,asset,I love You,Booyasan,video/mp4
QmVpmEjPtyrheo2pL3uBmfkhcL9RMQNyoMYvYwQvcbzoWT,metadata,Acid Tokyo,An0cam,
QmWS8wSKodN8pAf2A6Cjti7ES78eiGUcSfxEkoBRAM8h3W,asset,Acid Tokyo,An0cam,image/png
QmUSExzABWbG5NVbR5nRGAHtaduCyQ6exE3DaECPNK4gML,metadata,Nimrod,brendandawes,
QmPHmfGFVe7nVfcWhshtd58XBrpFhh2Mas5xD9oBsjNwz2,asset,Nimrod,brendandawes,image/png
QmPPdcPiij5Sz1tdQTaEsYeHb2DSTht1QpfnCBzm4o3WpX,metadata,Siren of Gallos,Ola Volo,
QmfP1AA4XU7tqDn8sVzKVj3X5Ysz3poXhL6isQin4eFQRm,asset,Siren of Gallos,Ola Volo,image/jpeg
QmWf6EuSsQtqmRiqdNmde4qj3EpXtrEoaDhEbdnSDQWWyd,metadata,Rough Love Potion, $RLP,cloudwhite
QmQqQTDKfytTF3JnU4DG75ir3Ts2eutfuwpDXXp1HqtADR,asset,Rough Love Potion, $RLP,cloudwhite
QmRAkihrtn7uhRJyL5Mai4BQ2rPPvcNqvVboBEqwMYrMfw,metadata,Palace Guard,OmarG,
QmbX5aENruP4EfNLCn3pF2PX2gQkhtCP71eYN57Kipbgxb,asset,Palace Guard,OmarG,video/mp4
QmdwFoxKWmExR7sJSkZj92MM2p2DFQ1ZaVwVbNd4UPiiuB,asset,Palace Guard,OmarG,video/mp4
QmeH2h4AmxiAQ5PVbX6WKQgXALW3ngj14ctcH179v2mSwS,metadata,Creature #8 – The Doctor,Waxbones,
QmbjuqtDhkb83MkzZAveS4NDYVaEZXxEYMGaD6p1Ke2JN5,asset,Creature #8 – The Doctor,Waxbones,image/gif
QmXjLB98j3EnUUjx3mHpAWDMjGt8hRRT7FRyJ2ChtidCou,metadata,HODL,CypherpunkNow,
Qmcy9sdJDJi56uFVCpoeKveemoUjEvcLLsjdoVVa6ZcjFA,asset,HODL,CypherpunkNow,image/png
QmT7gnJk6zmJUdP6preSqQcZQ7QUx2UNKEAjg8YGvNDpaN,metadata,Tokyo Street Corner,Mattdreamsneon,
QmYAsLupSebPrvF3QASG17pMKESLM8jTo4q45atWywTnNw,asset,Tokyo Street Corner,Mattdreamsneon,image/jpeg
QmccXnuJ7vARSzVjyW2d9rf1CV52QZFgQjhFLcbsEuShur,metadata,The bicycle race,lucclop,
Qme2q2mjkFPdHn6xzZ6pKj2XZQ4VWHFv9wwdfUeVz6GnQe,asset,The bicycle race,lucclop,image/gif
Qmayf484v2nE5sPubMvcq48Hd1TmrKgEPcckzDVFsrzCTu,metadata,Thoughts,Excess Pixels,
QmX45ZQ3uouSueYmwqrHTGDVdiNLVtx7MZeQcP1ZU6J7G7,asset,Thoughts,Excess Pixels,image/jpeg
QmQKp3RAmVYjiD5WMYykWLqaRch2urbkYZHWXEBf7cb65s,metadata,Inner Beauty,damiankidd,
QmPw1zEU8GNY8Wxue3HjhrLbDEmdDAwzjBHbH8dfNH13Xp,asset,Inner Beauty,damiankidd,video/mp4
QmXixd5yawohbi95d9PZCifp5buLn25sdf1v99debnQVmc,asset,Inner Beauty,damiankidd,video/mp4
QmaM7xh4Stdhf6dA1Yv2Ypd4W9F6WroUnpxcnrLhLRMwP6,metadata,mackazona_roadside_print_01,sgtslaughtermelon,
QmcxFVLq8xG1JHiktvCcnDrp5MqmA4Fb4Wb7FkNG63aHcK,asset,mackazona_roadside_print_01,sgtslaughtermelon,image/gif
QmZrjctxXQSFDfSfMsXjh1j8ditjyeYH7iC3VYjvCdPwCD,metadata,The Sage,midwestmisfit,
QmeCMjoLzteMZZfYwqC9WTVEMuHw2wV7bfFKNasAnjHzS9,asset,The Sage,midwestmisfit,image/png
QmNbVFru3YCDWTPRb6eHLw3oinPuvXvJb1VxTmRd98gEm8,metadata,Delirium,dielamaharanie,
QmUKReyaQkSJVHHQLXa5BfKRzGyGXcnCBJH6LiWTqsZF9H,asset,Delirium,dielamaharanie,image/jpeg
QmPfTzdtyajQD9GJu8EQp4W3RgRBUX6V4q1Mh5L9KbvPkG,metadata,Michaela (Flower Portrait),Ashley Marie,
QmXRavHh8uwNxmSxyw1Wpd3j2v4FBSesAv4daGnr5Tzu3D,asset,Michaela (Flower Portrait),Ashley Marie,image/jpeg
QmZwZoX34Z7QTQbxwE4krVEhTrPcGjdG8Drha1mk1kgUt5,metadata,AquaBizarre #16 - Sea Jelly,Lapin Mignon,
QmbkNGK1N3jQ5DfnDQQkTkdGqFJRtvGDPM6EEp3ihm154r,asset,AquaBizarre #16 - Sea Jelly,Lapin Mignon,image/png
QmaRmiSV1bdw2CPQ6Keq4BaYnQ2CEDBvbhd1QmRYtn9x5z,metadata,Ethnic Portrait : Indian Girl,hairofmedusa,
Qmd9wbjWwJYwJcxjYjPibhAC6nCRHTWiMH72je646w8MKV,asset,Ethnic Portrait : Indian Girl,hairofmedusa,image/png
QmTjQAZPhJdkmdpBjSkBWXMsyKXz85VGwv4JQk9ooDYDVw,metadata,†hê grêå†ê§† lïår,prokopevone,
QmUiLYWC7XjfGQf5tSMWHYAGnqSaQKZorGGNaqzqBAiwPr,asset,†hê grêå†ê§† lïår,prokopevone,image/png
QmRkFTWmKqGRm7h1uXvMHYGYF5sHxkZGfyqX8ELEdgeajF,metadata,Desert Entropy,SCETH SugarClub-eth,
QmPFCGNMJhKmLFZho6F7iUmfQfMDizLYgeq7bwWJyJ5k7g,asset,Desert Entropy,SCETH SugarClub-eth,video/mp4
Qmc1tEVtYm71a4iWPsG9NW5fgHJXekJjDKmx1pKmkyREXx,asset,Desert Entropy,SCETH SugarClub-eth,video/mp4
QmWvGR2j6saDb8m555MXVTxksiQEjif7Gt8P3wxLVqYGjV,metadata,A GLIMPSE OF THE SIMULATION THROUGH A CLEAR BLUE SKY,ROBNESS,
QmXLX87SoPdSA1yRZdd7azYtFM9SMEdE1ZzUxfyS2uRPMF,asset,A GLIMPSE OF THE SIMULATION THROUGH A CLEAR BLUE SKY,ROBNESS,image/png
QmZ1BW9Q8k6oUWPSThK7cJmAEgt8JKAy1WLni1PqssGyJ4,metadata,Ai 愛,ryuusu,
QmTmGfi7339Pyf1arynyQzgsyr8FzLPnqxpHuvPSB4jYKr,asset,Ai 愛,ryuusu,image/jpeg
QmVDVpcuWFeJB63UW4Qyy4pbkB89hEYFwAQFPnY9RzQXCo,metadata,Blockchain highway,Shindo,
QmSWr1C3dQE6tFpzLMgL3LoYpP9SNu6wiBiGD9VGArjh7G,asset,Blockchain highway,Shindo,video/mp4
QmRerrLiQfHFgLZimJ1bT8wx8BUJabnWn4hMm7vV9wPmy2,asset,Blockchain highway,Shindo,video/mp4
QmRZXFcm17U6U7giQLEQiaDy8MSXcA6XKtVR2EVMJ4L5LT,metadata,The Accelerator,NeonWasteland,
QmS8Q2kc18rmSPktdNhB3gQ8Ld1aj9FWQCch9y6bdmVWiS,asset,The Accelerator,NeonWasteland,image/gif
QmTCrYsWjTHtMWtfJ5eTCNxmDKF76zxcfiWS3e5bRKHAog,metadata,Life of a Blade Runner,An0cam,
QmSukSxh8o8D1puoMHzwQye97iz5CvwXKM3QXYZmwEH2Le,asset,Life of a Blade Runner,An0cam,image/jpeg
QmVLxWwHayKtt9PhEFmJQNmvZ17PFHNWdjenPH4CrwdURF,metadata,Punk My Sass,Cyber Shakti,
QmQZGXonf6phibGHWJXFynVUEeJjLJuFPHx6LyaAcy6fze,asset,Punk My Sass,Cyber Shakti,image/jpeg
QmbUhMbrXgLAtrcBi4bpNTGKaWM5qGeF27DWv5RdAFL6jm,metadata,Ethereal Eye (audiovisual experience),zuzana,
QmeqNXLLaEiDk6dWBrgoyoM39JogTzfE5SHXiiokMkpUDU,asset,Ethereal Eye (audiovisual experience),zuzana,video/mp4
QmTLfpKZW465oJAPwFf3E7ACxjBkAX7gRQt3M3ho7ojbXU,asset,Ethereal Eye (audiovisual experience),zuzana,video/mp4
Qmbkz2eFmerXhviREYhQxPD4JGJDeYaiS7HdZCdykF5pPQ,metadata,Charmed,Disarto,
QmYVBEaq1V9p5PDbYE8uFzd6uw1XZS9ALfrmwWZpwodJCk,asset,Charmed,Disarto,video/mp4
QmU1Q8Y2FjtcJtQ7d83Dix4EkEa55n7RzyGDLjBtBjZkGB,asset,Charmed,Disarto,video/mp4
QmWzAzeiquA7xXaiPmy4dMrGnJF8c6ad6U44N9qPiNJwnq,metadata,Dusk by Pool,Sean Jantzi,
QmWZMRGscm5voCJq3xuauNrZvKwAdNCpuZ6mmWTXP31f6r,asset,Dusk by Pool,Sean Jantzi,image/jpeg
Qmajh7ZTAGk9xWCLE9U3fgpL6SGVyjGZVEX6Th8FQzrTA8,metadata,ALPHA CENTAURI,Chris Saunders,
QmZUDKkK1NH34i1wY7qgtBFLkdff1zFsVFq6tid8xrVMw4,asset,ALPHA CENTAURI,Chris Saunders,image/jpeg
QmafkbWAd6KswqZv9EbeAhNNxnZznnpcBiVoyq4HQZTsvD,metadata,Hopelessness,klepikovadaria,
QmYJzdTdGv4MKJJWar9UMTKnDPU1rttBT6yNbxDg1mwYF7,asset,Hopelessness,klepikovadaria,image/jpeg
QmZ6j9V8Agjdr7QX734rrc4aqRLRKe9wzzvq6oWAkjHyNu,metadata,#01 FLOWER BOUQUET [YATS 50],skyenicolas,
QmchLrBA8vioRkKmxbE4d7SvNx4VkK1qcYo8818Z1JG26L,asset,#01 FLOWER BOUQUET [YATS 50],skyenicolas,image/gif
QmfUCxYdwa3ed2V1gnGw2vhmi4Tj6TD3FpfcaTU9cpJgYb,metadata,A Season at the Opera [MEMBLK #3],Benjamin Bardou,
QmZMt8NZgUVkGgPcw3WUuS3dfaEU4ioy1AnJKu8ZiuAQa6,asset,A Season at the Opera [MEMBLK #3],Benjamin Bardou,video/mp4
QmR8tCNhoxp5QjihdYjo3Hr7ZJSL8A2571CzJAinRTNvBY,asset,A Season at the Opera [MEMBLK #3],Benjamin Bardou,video/mp4
QmUboyAwbMyhBb3LqVkyg9wGmzj2zRazVFwXTvUL1CNnQC,metadata,Recall Facility X3-ØÆ6,lestron,
QmfAwZ2m4R9fcTfeSMYp5MQwaaccNM9xPYKQBj97Tzc7mD,asset,Recall Facility X3-ØÆ6,lestron,video/mp4
QmcUvwtyh52DvWGEhk4vRDbhGpmhD185yM4RC8GoUqqGoA,asset,Recall Facility X3-ØÆ6,lestron,video/mp4
QmWx5AZhVeHTMNyszatCJt6kYc3buE87sEscMEp1gJMDtB,metadata,SEARCHER (ESP 1/3),Jamie Twyman,
Qme8cfmrgWBCtimntMPYxofzsdf5gSmGopBM8j72dLUT7D,asset,SEARCHER (ESP 1/3),Jamie Twyman,video/mp4
QmV63PbiTvJ6h3ACHRJWQNurZuGQduA49ekSV5erPzyP99,asset,SEARCHER (ESP 1/3),Jamie Twyman,video/mp4
QmQxysQFCpeQR8Vd5fQGqNLWffk9dQpxF1sq6WYcEwcKdY,metadata,REACHING,GeminiRisingMedia,
QmVB7knjFomD8HW6Z6npCaTxcHDdQPi6nPo2bktU2y9Ugi,asset,REACHING,GeminiRisingMedia,video/mp4
QmdPy1j14uobFz8pAti6QqnqKTE2w4Ha8v84ss1aDnZok4,asset,REACHING,GeminiRisingMedia,video/mp4
Qmby8w4mjTEsCSXZPzHNhSB3nwBubpNXATvmiZV5PnG9yG,metadata,Once Upon A Time : On a Planet Somewhere In Deep Crypto Space,hairofmedusa,
QmWAjKwMBCYQJbXvxgnZzqz69sHmWJUiJ64FHWPk19eCyy,asset,Once Upon A Time : On a Planet Somewhere In Deep Crypto Space,hairofmedusa,image/png
QmT1wQMr6jVE3XCst7p2cEyyKLcbAva6A4HzzpngkJbbz6,metadata,Blue Fire 2021 Sabet,sabet,
QmZmEvfXpubKfjozuSrSuHr31mhs1z2uvgPCeVYk63rg1S,asset,Blue Fire 2021 Sabet,sabet,image/jpeg
QmbPLCVqY9YnT97nYUV1kjxUWFjwAgsHi1r6tWbqhdLrBB,metadata,Sunflower,surrealistshay,
Qmeo9pH2YDAR7Mgr4m9QSukGocqZdofTakJL6MSF7hsgba,asset,Sunflower,surrealistshay,image/jpeg
QmPasopbBCi3SFN4z3D9hci7KmNpyryJ384Ug7aA3zB4N6,metadata,Fragment NR.1,BakaArts,
QmYMwik9dJtY86Z2VfLX4mqindjR6FTzKDXCd37vdtYZ3P,asset,Fragment NR.1,BakaArts,video/mp4
QmVJzSu8ZyQMoURe6mnffcXYdWa5ZwTSV6tepRdAurFfm4,asset,Fragment NR.1,BakaArts,video/mp4
QmbyB8uo7BxK7evDop9D8oWkivQocUt32xKjL2aa8yQXDm,metadata,Fragment NR.2,BakaArts,
QmdbBPwMxQuQ93s6cC2KGsfzXxjcCkUzdf3K9xJeCyE4hK,asset,Fragment NR.2,BakaArts,video/mp4
QmSfjzLpX2cdHcogce7tD8y4aifrUgqgMjf9rd1M6KSZMS,asset,Fragment NR.2,BakaArts,video/mp4
QmYQMdowY8v4fmTyQWhrShmyqRuTY6byLgkCRdHD92XHDb,metadata,General Praath,Chris Skinner,
QmZhvkSBF8wF5pSyZr6ShL85S3PZUeQK5HeEEfiDLKDKzS,asset,General Praath,Chris Skinner,image/jpeg
QmSurevwaybQjwQKdTYAX1jL1sdb14KJGrQDmfZHc3Nad1,metadata,(Never) Burn yourself out,klepikovadaria,
QmPAo1rXzYXeR4p177hNMsx7TU17TPLPydpqibNKqMotHn,asset,(Never) Burn yourself out,klepikovadaria,image/jpeg
QmSP9ekFBovq9CEXERC33ZVAcEvD8eGaR5NBsbvocLQ9sp,metadata,Sunshade 2020 Sabet,sabet,
QmTzR1KJfX817GjxGim8VE3hPGvHUf4GDoqrLhUgnCDCJN,asset,Sunshade 2020 Sabet,sabet,image/jpeg
QmZoVvrNXADzTaGPCT6NeTVKWhmHY26c3HJ5GREZktfC6c,metadata,Split personality,klepikovadaria,
Qmc5sEWauCjPX7pVyC6SDLPN67oDxseV68t1fEBiqVp3vV,asset,Split personality,klepikovadaria,image/jpeg
QmfTuEHYBrKfXvEW6T7pgWRZsH9CCmqXCn6kamMhLRGwVt,metadata,‘Kalah Membeli, Menang Memakai’ (valuable item that will last long time - Indonesian proverb),Rukmunal Hakim
QmUKfzaLsDh3sYnHZQeYrPpuxvo5yjJqzDfSGNVDpaV9nJ,asset,‘Kalah Membeli, Menang Memakai’ (valuable item that will last long time - Indonesian proverb),Rukmunal Hakim
QmNsFAcRw7dnm6YoRckDoeRFcJAbynSHxyig5pGiM5izC7,metadata,Got Me Like,wuki,
QmXaPdz6qfAuJcKBXjZVWmKVwV1xrcrkHtxTqHPX9dY54f,asset,Got Me Like,wuki,video/mp4
QmSsN5ksXnSsSykXNULsSV54EDHqreB5o9xCY5bTwcDpkn,asset,Got Me Like,wuki,video/mp4
QmUGJRVsjA4q56Go7j7uDHCs2RZw5dW6mGtM4ouw4kJ8jD,metadata,REM,orglitch,
QmWg3LzZ6DBUYnDhoozCfe2q24ywNBbYvNszv3rBgbvBLg,asset,REM,orglitch,video/mp4
QmNQRcPmrUVCiaWqnW66Gr5DejKNbbTigxxbLgDQUJWZws,asset,REM,orglitch,video/mp4
Qmerg2CnfJG8kwNjWGiokyZjukcNf39XDYtfdEt57sPtzs,metadata,Gaia,dielamaharanie,
QmRSfRvhd3Cc2PuzJAMLN3YsK62zQLRaWUyDGn2MPhZ1Ka,asset,Gaia,dielamaharanie,image/jpeg
QmWMgPmuxLqPZ8sCsbbLP5ukKb2cid57D1gi3tbzfsFkLZ,metadata,Dusk by Ocean,Sean Jantzi,
QmbCYF5kS2f4vejPLEZwWXjLadq3rRwaoB5eZi5kSctdGs,asset,Dusk by Ocean,Sean Jantzi,image/jpeg
QmSDYsyaaAK2xLNtn3qjUAjfLKqGqt9bSiwsD7gewsH4TQ,metadata,Siren of Sirenum Scopuli (animated),Ola Volo,
QmWvVehdCLp5Ykenc27M3f3rZTyYiETVCwH7ZPJUJ3jY6y,asset,Siren of Sirenum Scopuli (animated),Ola Volo,video/mp4
Qmcj4h1N1bsDgnNVuUD2zznLDvQvx7N3xnfQejFCbtK7fS,asset,Siren of Sirenum Scopuli (animated),Ola Volo,video/mp4
QmTeA6z8qqKKSrGHWEyP4qp6jCTe12VmhHcAKP7wReNsvK,metadata,#02 NEW YORK [YATS 50],skyenicolas,
QmSUFvc6227MFJKkuruXA28iCKZLNWzVJhSWvF5gCdiou9,asset,#02 NEW YORK [YATS 50],skyenicolas,image/gif
QmTKFT1nSu7moXRZ6yhGJbaEwoEQw9AaFLVeBX3xBZRoLa,metadata,Sleeper,Negative Vibrations,
QmXMcVaxepeiN4dLmqcypTPCPyyKJpUz72RcB82gqcAycB,asset,Sleeper,Negative Vibrations,image/png
QmQRrwEwiE4LVKVAf73U6Ffkhg35PSTQ8ivxcN9K1sWi1g,metadata,Blackbird,Andy Thomas Artist,
QmUSPVH6MaiE9Q2JnVQRMQPqMETd2Jzr3bsvzstug11Gua,asset,Blackbird,Andy Thomas Artist,video/mp4
QmP3AadMtRrK8eN3dh8yWxWQd78Dddr5fFkp3peM2tAvYq,asset,Blackbird,Andy Thomas Artist,video/mp4
QmaVJMpWGDkpEQKDYezX25D8aQRDSV7An2Lw1pVbYmzQL9,metadata,Lovers at Dusk,Sean Jantzi,
QmZseJzTRgghy8PDCvjK4aXYDVP5ak8ZWFoCoDk5TgmhSt,asset,Lovers at Dusk,Sean Jantzi,image/jpeg
QmXHTNogmuW1QigSTHbsKUjLUxSHPpMtVsHoF8WiHaChnz,metadata,Ad Nauseam,Hulki Okan Tabak,
Qme4PERKCZG1uYoKq5vgeX5AG5Wjqs9HkZWt2EB5SvEydc,asset,Ad Nauseam,Hulki Okan Tabak,image/gif
QmcVLsU1p3se5RzZbcvvM6V8VmiMayVYRTwYCmzTg12YSC,metadata,NOTHING BEHIND ME,INA VARE,
QmUxLueCDY7wbSrx3pmFeLV56v44ZyivnuqaT7fKs9VmVJ,asset,NOTHING BEHIND ME,INA VARE,video/mp4
QmPqsWo9kbZofEjWXMvguSoEUq1SA2CFK9wv7Gt8KZ9a2v,asset,NOTHING BEHIND ME,INA VARE,video/mp4
QmVd8B31vquL2j9mZRhUHMUo5K1rgW8mF9mQZDVjZ7hHJu,metadata,All seeing - Female Abstraction #1,PESH,
QmZis8kQFmJRL3QpeA8Kb8czs9VBEPqDGB9xAkNBzSEGoy,asset,All seeing - Female Abstraction #1,PESH,image/jpeg
QmNfJVX3nonuTEV7zcwGmoThsY7rgpaWR5irq7DqDTmRy1,metadata,SHIELDER (ESP 2/3),Jamie Twyman,
Qmf9oqgGWtC5BDJBfnhvm4fmiv6F7622Q1FJq21oNGUYRS,asset,SHIELDER (ESP 2/3),Jamie Twyman,video/mp4
QmPiDUXWsCjwZ4ULVRv7Yj24rjXeDWaVHcHmVTFcKfYQUP,asset,SHIELDER (ESP 2/3),Jamie Twyman,video/mp4
QmTfJ8Z29zKkvUq5BAbjA3A2YodoEZ9Gzii1QKVaaQwC13,metadata,Evil girl's blow,capybia,
QmaX7dVr9A3X6zVeixX2bThrzS7zobv8PrQoVBqFk9imbZ,asset,Evil girl's blow,capybia,image/gif
QmVEdSJAEGRumhU9zXuZSY5xavtwofs3YoJnD2bnXVtHb1,metadata,Hyacinth,LifeWithArt,
QmYemTaUzqoYRWR9BQH1xBQN4etYVsDDtJMZwLaB4ZT9uA,asset,Hyacinth,LifeWithArt,video/mp4
QmW2rKTTg5D82D7WuNwB5eHffQKy3SPYPDme9YrWAZeBPg,asset,Hyacinth,LifeWithArt,video/mp4
Qmb9cxX1D7EusTySfVnaz6NZ8URkZ29kt8df7pwEE3TN1U,metadata,Simple emotions,Lucho,
QmaBqU28SitTSKcxVsuwzBJaMMLEy7ZQV8TvRw2cx2jDDP,asset,Simple emotions,Lucho,image/jpeg
Qmcpm54t5o6YhD5GC1AeNXM3b9saMGPZ1pJNh4JkecRN9d,metadata,#03 CRAYON [YATS 50],skyenicolas,
QmdgsJeNAyYqD8qS7dH6pyathLpufUH7Q2UNqSx8HMWMBr,asset,#03 CRAYON [YATS 50],skyenicolas,image/gif
QmXDC9ycrjkvoq9yLyHkaJ6p6dSmCQh47phLnPnmuyi37h,metadata,Dark Savana,Thedholes,
QmX4F4NZX1YkULzKi47YS7CF97BwXEG1w2G5aesBB38VDW,asset,Dark Savana,Thedholes,video/mp4
QmYJaqC9nCLaDWbPSERk1VnvWNCnBj13Ep7WJLAEFFjma2,asset,Dark Savana,Thedholes,video/mp4
QmQYd3Fv8QWiYyGEEzxXaeT6Gu1hwUNhoqBxJcYrLX8kYr,metadata,Gender Dynamic - Female Abstraction #3,PESH,
QmT6tTAZHuV4Hu24aYTik1NzEYwXBBWVdYWL7iGGYUWMd9,asset,Gender Dynamic - Female Abstraction #3,PESH,image/jpeg
QmPzarFqGAWjhXzMXfXr5nk4Zc64Lh4EYHkvHEfuvfwpbK,metadata,Saint Styles,Boreal,
QmWRdxJcbc3BwY97A4FUQfrv8ZYmkUEeHkfoqbHFSXLXjQ,asset,Saint Styles,Boreal,video/mp4
QmWrLqhveJ7X1HhRrBdPLzGnn8LRBHjPD9TUANBoaQuMK1,asset,Saint Styles,Boreal,video/mp4
QmZTnVnMkdxtt4qsifGytJRA6wdHL6KiBqx31cqAkNJhz1,metadata,Chasing the Doge,Pauser,
QmQTmPyDCJuVjnANLKBLbMWTWkkXkp5ucRjbVUa4TetPMG,asset,Chasing the Doge,Pauser,video/mp4
QmesJQPYDcHqsaKbNzV9pr882sCHhyPTdhemPMsrqrtguN,asset,Chasing the Doge,Pauser,video/mp4
QmfSWopi6ZzKpnZb6qYUmL9pdsdMWKzAEEdgeEwZQwrLL4,metadata,Let's Run Away,cevenova,
QmRVzq1SdMxPct3N2YVbk5viKg7aAVeZrPGsBZPJvrcpVa,asset,Let's Run Away,cevenova,image/jpeg
QmXdwZYeop4h5v4RPL8ZUdVBkYHWcTvYohTEkWzzR4huSU,metadata,#04 SALAD [YATS 50],skyenicolas,
QmdZpsfby8KLQDGeHXSrGszuXFiJTyPKytXuc8NjqKj6vm,asset,#04 SALAD [YATS 50],skyenicolas,image/gif
QmZJnSFNPAe1FgDZDC6kCrWws7eyf7cDL7Q1P5noDFYKcH,metadata,Effet papillon,Sofiane Who Knocks,
QmYiqXfoH7EcrBKUPdaXs2rp6CkC2RR3gaSfjihXidsgW8,asset,Effet papillon,Sofiane Who Knocks,video/mp4
QmRUEz3dxD1vv2M2EZZ8nvJELFtgrGHCcTmi94WKufECXe,asset,Effet papillon,Sofiane Who Knocks,video/mp4
QmfUcbtzrMdZHYZob66ViptKjEjTF3gdob2r4ZqitFxJdr,metadata,Dancing With Myself,Angie Taylor,
Qmef3xpGkEJSkJ5ip3JaeCzFqWNmofMujc9aCkVgLrsydS,asset,Dancing With Myself,Angie Taylor,video/mp4
QmZbDpyiSbvc3Y3uX4ZKZP5TZFWFw26SiTp5RJbsJgdCp9,asset,Dancing With Myself,Angie Taylor,video/mp4
QmNxsrKQdgZYwQHgQBWaWN7vjEDM4LD8fTBUKbgRmWjU7Z,metadata,How Insignificant...They Are,Unrealcity,
QmfPyT2LURdSy6hByTitAtKhXkJ2beHFtoUXkT1oNJfvBc,asset,How Insignificant...They Are,Unrealcity,image/gif
QmY9wu9rvwTyDK6VjYWCoGQdE3jyWMQCLrnPLB1cDk3MSp,metadata,Outlaws,colourservice,
QmT1ysiKXt5Aa6B5Z9FPyqD1xM3v2gVo1Pv3PxjFDkcimM,asset,Outlaws,colourservice,image/jpeg
QmejcXoYNmEWP866jXfq5NXQKC3mnz57UWV6VpEY9yN2d7,metadata,Her Back,Hulki Okan Tabak,
QmekCz6B7qbTADVshyHfkAAQLohxomQcVpSDyNVJA133z1,asset,Her Back,Hulki Okan Tabak,image/gif
QmafhQGzmzLjygVE22ekDUDf8TUk2LXGJ4WZTNSgjywXaP,metadata,Reflections,EvilPupil,
QmTAinw7WFU2waAXT6BH3yUXCd9J4Bp5hdrZ2sSDjG3iH5,asset,Reflections,EvilPupil,video/mp4
QmULAsWph8xmjf67Wu9MipNiY7JWHunSKGhCeoS382Uk4T,asset,Reflections,EvilPupil,video/mp4
QmSH28XXnqgP2EAT4iBpe9ZYmmjR1ciBGrugfzBkCWeXfR,metadata,Starry Dream ✨,elizabethelder,
QmdoYK3MiuQjCAA1W6HhcRAuA54SyK7bqYi5pqnwtHAhsz,asset,Starry Dream ✨,elizabethelder,image/jpeg
Qme51k3uYsz5TNdMDeaBs8AKgRExsfQqarU5W52ybqPLrN,metadata,Angels Don't Kill,Willzwey,
QmNcKBiEVPZDYk5hXWDCpN1dD9qGu7vZV6nbrrRfaWSBMW,asset,Angels Don't Kill,Willzwey,video/mp4
Qme3HN7EdJVRUHtSuHSafmeA3MJu7v3dun5C14Do6CRwKA,asset,Angels Don't Kill,Willzwey,video/mp4
QmaaZXAtLPdr7ZXGey2EPja5P5FKbeTiDXP7GRfZ9oXyqf,metadata,A day before the Invasion,Alexis Olin,
QmYxJUWaBr7YMb3DQs578KF98F8qXJJ3sSKE9EKTpKTeWT,asset,A day before the Invasion,Alexis Olin,image/jpeg
QmSNabPjvC95RzzLQBVwJbQ7f7WAtYKdHZtHRdkZLDz1bL,metadata,Coming Home,YONGOHKIM,
QmPNqdtayS5ryg5ocrG47VFFjeAvB6vYJKnwrdFdBEDC2G,asset,Coming Home,YONGOHKIM,video/mp4
QmeKPkd2J6uKFeoPpVKui9UoaACzkM4eevmeq7TZQfcnVh,asset,Coming Home,YONGOHKIM,video/mp4
QmY5TCJwM5RzjFzrfA1UjJaArtLT9zX3YgedNWegYYoQiJ,metadata,#05 BUTTERFLY [YATS 50],skyenicolas,
QmVSvz1wEknJHxbdtDxwwXPnMLW2BDKWNSz4dQDfCHZv6s,asset,#05 BUTTERFLY [YATS 50],skyenicolas,image/gif
QmfNvvCHJ8HsBMeKfSPCHMxj7LeeceagjvYsBi3psNC2pV,metadata,Alien Empress,zuzana,
QmYBDjeML7nFbaQ8mF58TfThFc9kCmVeNxjYBHjPFRku1C,asset,Alien Empress,zuzana,video/mp4
QmbGrWZUoQ3ZJxEQTK6sjFrxinzvoqNB4VnjYBRMY1dZ6C,asset,Alien Empress,zuzana,video/mp4
QmRfqpfACpErqXu4parDqvr7u1d45tkrmCEpjHR9zb4Z6o,metadata,Warm Embrace,Azbeen,
QmYMToDZ5oRt111nRQbXC5atSFWpKc68fCJwMkoJsd7iy5,asset,Warm Embrace,Azbeen,image/jpeg
QmYAEpNRTnknqWjLgdkixFKojjRpAVg5y5m9ZKv2NYpJ2A,metadata,pl4st3R,CIVIT,
QmRL5ABytSc6symwsXqRc3Fqd88WhFbtJDNSmJ4aBA5g1H,asset,pl4st3R,CIVIT,video/mp4
QmeFUYWPGk8nDqdmT5J3Kuy1C83guExKQpqhEthAvVyXKY,asset,pl4st3R,CIVIT,video/mp4
QmdGx4MVQhm3ZcU5VLQfjcF45NnGdNkVjEHNA48mg9YGH7,metadata,Against,Kalov,
QmdeZSLyovgJrd14VNUMVrAAYKtZvVGNAFAeMRAcGh2PbA,asset,Against,Kalov,image/jpeg
QmYe4s2mFV7tnvwesET8QR8ugJXUB1vLDxzV5W9M2qRc1j,metadata,Pin Her Down!,squirterer,
QmS3pVweXtaUs8joQDEEAU3gr4t7x1yugT4urnWF1P6AMA,asset,Pin Her Down!,squirterer,image/gif
Qmc4n1A2DrNsupZgWbuDJAcQj3eJhoc1c718WUSC9zogkZ,metadata,LISTENING,Panji Krishna,
QmUFYDzdBE6QnpoCy6DwRD9DHHaKqE3qDC7A3LTSvZ5nEC,asset,LISTENING,Panji Krishna,video/mp4
QmSdbQjuf5nqvjuFnE7ubqPjpx5v2cvFNZKHz1HPkbRqVe,asset,LISTENING,Panji Krishna,video/mp4
QmQfpRbCmSQSjgMwsP6Z872EdxZbYEuQbmstTgdLeeVDK5,metadata,memories in my veins,saturn,
QmXD6BRxmGNzbCnGmWVc72TbVCLb6Jci99R67tgrr5XaQh,asset,memories in my veins,saturn,video/mp4
QmehFyTZ8KtfNEottFUw4Hp3pXmF92fqYYpE5rBtCCsTT4,asset,memories in my veins,saturn,video/mp4
QmcyVnw4Zz8EEdLmTmUf5TKLDU7UpyLkjAyH9PvfRcUotF,metadata,Najya,Maaham,
QmQoZQngBWSemybvQrETpWaR8qfBc5L79bQuxUNP8X91Ty,asset,Najya,Maaham,image/jpeg
QmVeieQdPviX2P3oqV1TaTEeNTFwLFYTgKRQUsEoRS3B5J,metadata,Cyber Bombing,lestron,
QmSkFnND8xZUVwspqwvvawviuf3f4vyNcvcoVrNX3P6gEo,asset,Cyber Bombing,lestron,video/mp4
QmXCFp4WyzKgGTUJxrHiLxZJfxKtT8yZsEUVybtRy2NRVX,asset,Cyber Bombing,lestron,video/mp4
QmcSy64embNYi6vri7tiWioKGK8jY9sJAXkHK4kbz69LXf,metadata,FOX FIRE,Chris Saunders,
QmZRLxPTNFcgDH7vDoBd4Efn5BKMvgS5m9jknwZVQ8kwU3,asset,FOX FIRE,Chris Saunders,image/jpeg
QmXbrQp9Po8TgLJuDFGDQKH2Rza9D4viH4rxai34nkWYS1,metadata,Birdman,xxxthorxxx,
QmQCkwjTthddtQPo1rhma6pjVBgHR2zevrR5XiVVc6tRp8,asset,Birdman,xxxthorxxx,image/png
QmQcA8MzEJwRz75bwmXK1mPkgwqSo97CcmUztzDKVEqAyh,metadata,Reiko - The Demons Slayer,Filippo Ghisleri,
QmePAg4GdC45MxRLXVbJvyS2xn2QP8cMzAeqL6NJoxk5AP,asset,Reiko - The Demons Slayer,Filippo Ghisleri,image/jpeg
QmeLE65bbxaMg3paxbtXwdRnCyBHbqrdaXLzVJfWyvpPda,metadata,Greatest Hits - Nirvana,cuffarophoto,
QmQcAu8E9SQ2dJRK2m8aCsBXn4Kyiu4awz4X11fhvw3pAM,asset,Greatest Hits - Nirvana,cuffarophoto,image/jpeg
QmSRFhxNJgwJa7rvuv63sm5dYTWtF1khKLTL8y8szdUJ7B,metadata,Neon Wasteland Booster Pack,NeonWasteland,
QmcQXaqb6c2i8SLg7gjYdLqevPiDCsXt5EoL2LSakPvZg8,asset,Neon Wasteland Booster Pack,NeonWasteland,image/gif
QmR8JAvFaU7wdTrPEhjs9J8arzZt6nGRQeuH2CMiSJCFXN,metadata,Merging Dimensions,OUTPSYD,
Qmf6zpMRuYxrEaeZa3nY7imcDmcQtmcuGLgtREccY3MAAq,asset,Merging Dimensions,OUTPSYD,video/mp4
QmcvAYZo6yioUEHehWsx1vcUvUwQPdKSGpe4m8Rnjhxth4,asset,Merging Dimensions,OUTPSYD,video/mp4
QmXajzw69oHK932355Hc8G84eLU7zTu8jUB3PdzmdAm3DF,metadata,Pushing Daisies,voodoosalad,
QmRt79xuuE2pu6eUQzhujzK6AhoMag793XbAZqXZqfCrAA,asset,Pushing Daisies,voodoosalad,image/png
QmYQYXky48CZYwsPbNcedtgU5HgseD7Tby2xyGQsvRP9aW,metadata,Freedom's Folly,Zakalwe-x,
QmSXbgPBvudNZtrNjQhXrcfCp5aRysctTrjtmtjAjHgozt,asset,Freedom's Folly,Zakalwe-x,image/jpeg
QmPobNdMLZ62wSEHjbm9rkdvLNNHa5FkQHzuhAArz5heGU,metadata,Deep Waters,Justalilbittersweet,
QmfCu1TqzMqxeeQebgs7CdYdcyY1L2E1sZiUmuv3yhxmxr,asset,Deep Waters,Justalilbittersweet,video/mp4
QmUifC11rxLi2zfdJeSoiZ5thcpPf5REicSCZqSPxNbss6,asset,Deep Waters,Justalilbittersweet,video/mp4
QmY7XUAa4NB6Jz3PWtuBdviopX4UxQpaZLmeqb2Kocc3wh,metadata,Tottersaurus 3D Model By Andy Council.,RENDAR,
QmWco63BZnD2gWGtoGMFUqeWAXhgrLiHSk5psPAMqJbxSN,asset,Tottersaurus 3D Model By Andy Council.,RENDAR,model/gltf-binary
QmcwprEGoXNJ47wLMmdXdR9gP6sfCBwQtjD7RJMg84Nua8,asset,Tottersaurus 3D Model By Andy Council.,RENDAR,model/gltf-binary
QmRzCt2qUJi9r9K6VCz5TD5N3sungqzR6DKSbWSpYHei8h,metadata,Illuminati,Lucho,
QmX8g4JtZZgXiM479jr1LNgrpRQbtCyKCG62ehMqNBCXut,asset,Illuminati,Lucho,image/jpeg
QmPRJ3qfDLXNeGE521Rs4dsSmQq3HjAJpk8HympwtD4LDp,metadata,Andy Council's Tottersaurus Fly-Through,RENDAR,
QmYLZ4Ct2ohqpJ856j9UZNAmcbNLRJKs53hPLZEm5RvtUq,asset,Andy Council's Tottersaurus Fly-Through,RENDAR,video/mp4
QmNR994nJoos1GfRkKgtEpjNLB8SKXR6XxUcHVz3Wgt935,asset,Andy Council's Tottersaurus Fly-Through,RENDAR,video/mp4
Qmcz6uNVyXt4SVKLiXGwmsArLTejeYXYdq8Xu1xgCR1ubG,metadata,Longing,Hulki Okan Tabak,
QmbUnaQcjBs4bka78WVRFwCBikAPubdP7R98YK7Px8y9r9,asset,Longing,Hulki Okan Tabak,image/gif
QmSdgGZQC6JPZZA6MzSSeKMk8Ye6GxDf5xUPU6aktK9dej,metadata,Andy Council's Tottersarus Genesis,RENDAR,
QmUM9RwaevCNEZ1ctzoSumsdcnv4aui5RGUgopaFmiXdub,asset,Andy Council's Tottersarus Genesis,RENDAR,image/jpeg
QmTfokiAx9ooyzzLqR8AtCeJmWUsCnhgFQiPUQ4KPUVrrm,metadata,Némesis,MathildeLanoe,
QmRVo8P3a77Rr4cwFsU36m4MPpiRWQrdMNvAqfqWFNqoF1,asset,Némesis,MathildeLanoe,video/mp4
QmeNve8DxnZ93sHDi6U5LmdUV1pu3aFoKqgcG2ArFvRhxe,asset,Némesis,MathildeLanoe,video/mp4
QmSs5Wo8RjY7uXaKQqDnbPkSnnQ7BrcFLk83bm9xjjkG2U,metadata,Am I Stuck In A Loop ?,Wout,
QmV5xAtvQHJwCuYLmtLwbE7bAh4PYfyzhqRVPsQs1MA5Pj,asset,Am I Stuck In A Loop ?,Wout,video/mp4
QmfY9bW2Bt1ZVEXejnPmU1XrgbVDSrd4FbrPzQEuhipBXL,asset,Am I Stuck In A Loop ?,Wout,video/mp4
QmdXWFEq4cTesj6GVXLpwoSipqukYRiXmjPecz2vgdEmpS,metadata,Who, being naked...,Alejandra Herrera
QmSYNNZTCfMBEv8hQ6reV2oquFmV7ucMKeS2U8BVtdAG4R,asset,Who, being naked...,Alejandra Herrera
QmYFLYW8pYi2poZF1JWQ7sgNJ5vSyHccTuQHYUzCy9tgMn,metadata,The Scent of the Metaverse,Scent the Metaverse,
QmYTE37gCsQZP6734erY56DAzLjpEvEg2GVSZBCtkS66Mb,asset,The Scent of the Metaverse,Scent the Metaverse,video/mp4
QmedTeq38fHQaed9SttxWH4WsYJ8erbm1PMq2CkNhooq6B,asset,The Scent of the Metaverse,Scent the Metaverse,video/mp4
QmZ1uadPsKFuts7oKLDuZLNDXVrDkoNWsiU76QEQM2tYVU,metadata,spilled ink,saturn,
QmRj2i3sF6Z3YeBAUaKzK7o6od3gbcB2EQVXMa4krbgqHK,asset,spilled ink,saturn,image/jpeg
QmRA7hwFuA84CA4viDqbKxYD5cResxKRzevNmUFkmcWjTn,metadata,Nice to meet you,rosita,
QmdLcTaEV5WFJZftEdhecotb3ZoTpCsCj5usQXzB7iXUYd,asset,Nice to meet you,rosita,image/gif
QmRZBnTq2tvYW6Rp8W1z1ZtSDbuNAz4CNsUcewWHHnNnfs,metadata,#06 LANDSCAPE [YATS 50],skyenicolas,
QmV7uBK4dNYMsxQH3B1iMpAeTCAHd9j3bfnTHCaEW3Neij,asset,#06 LANDSCAPE [YATS 50],skyenicolas,image/gif
QmbM4mnLhjVoX4YaDm9qDL2WoJcXGLmd8gB5A2eCHTzDpZ,metadata,The Eliminator,NeonWasteland,
QmXD3jhpCFWxviQP2Ydaa6yTyLaZ7o76pZ4hcu6F3KaSzn,asset,The Eliminator,NeonWasteland,image/gif
QmdY9VvkZxa2KytADuthi4Fnwmzb5eDLhm4xhfnAuPs7gx,metadata,Kitsune,YAGIZ KOCABIYIK,
QmNScdEPEr6v5DtP4UY63AMTTiAZmNWR9ruDVAh5YFstwR,asset,Kitsune,YAGIZ KOCABIYIK,image/jpeg
Qma8gkdZqzZD41Zxqi6Dbby8LGVGnKtUUvpEv862jnnpcH,metadata,THE_MOTHER,Cassiopeus,
QmRGGfzZqWMgHkJa5n6qk5GhtX7EfyYDBQvXbF92eWMQq9,asset,THE_MOTHER,Cassiopeus,image/jpeg
QmY7oAyYDGSJ4JbjebWrFonZy6y8TZhmP93URsRBzMxd8N,metadata,FLOWERS OF CHAOS V.1,pleshkova,
QmVSbpRcVMejLKYs9PD4v4osjJC6J2DA85N73zbTP63Ce8,asset,FLOWERS OF CHAOS V.1,pleshkova,image/jpeg
QmR7XDY3K6p9vUWMjnY1VivZ1bGwdRFsk2Pxwz9zDYQw5b,metadata,Blossom,damiankidd,
QmSh8xRTDskVBGHzyNFESaac81Vo1sQQuHeYgNLko5aBUD,asset,Blossom,damiankidd,video/mp4
QmaXQr3jMkwJoY52RQ5USjBX6xrXGepnFoN4ZGYM5Vd5p6,asset,Blossom,damiankidd,video/mp4
QmZxhwhHD6vVJErtnY3bq2ZfD3KoeDMeyWVU4Ch1sW8aPZ,metadata,Wild Nature,CHAMArelli,
QmYmy8fsAqHhKAtbkWnzGcGhtVKnoqVRiW2hke62aBhrFQ,asset,Wild Nature,CHAMArelli,video/mp4
QmfJN3v9P67wQ5j1FimWjk9s6JyetnFWbjXKjVHPHh2cC3,asset,Wild Nature,CHAMArelli,video/mp4
QmUd3cyc73W3KdcbSfB9VwXWBGbYi7cUdN122fAUbuNhaV,metadata,The Collectors: WhaleShark,brendandawes,
QmPWMwR9gtYQgwTtuPiQ3Ri9Qj6DEpN642NwwDEbfXGJpq,asset,The Collectors: WhaleShark,brendandawes,video/mp4
QmcNncKWzbJt7fed4ZWj477hgYPaBQeJrKy1ojnqu4Va2z,asset,The Collectors: WhaleShark,brendandawes,video/mp4
QmRVy2Mhsr8EfutWpEeF375sWR68jSfoNcjywBmSnVG7DF,metadata,9-5 Freedom,CJIRV,
QmYXi1nSNj3sapx5jwCDGnXzNi5iXZzRLMD1Hd4rXy6eWa,asset,9-5 Freedom,CJIRV,image/png
QmTFpbkJEY2RwWGCi74Q7Ku6qMbPrqLPYZUzLt4NarmpFi,metadata,Working on the [Smart] Chain Gang,LaserLewDude,
QmaUWbrSczQUNCTvGS2R66x6xaM4X3vmiDzWdn3s1QgWau,asset,Working on the [Smart] Chain Gang,LaserLewDude,video/mp4
QmdVZE9MDaXr8zwV1Eav7aJSqNW7BZDXc1oC5Qu6Cso48T,asset,Working on the [Smart] Chain Gang,LaserLewDude,video/mp4
QmQkDZXzNmyFyUHBgZXbVf47aPiaG7vMZQhT87RuXH1AKS,metadata,BUY MORE. BUY MORE NOW. BUY. AND BE HAPPY.,nicolas,
QmX8hFBv8RTB6MJ28waJFGPwuxvFWSRaA84qsXDpJ1C1Yk,asset,BUY MORE. BUY MORE NOW. BUY. AND BE HAPPY.,nicolas,image/png
QmNPYr4xw8rcBUzBEJaLbatrWNyZoqnvgJnRoaxWQHoTiK,metadata,The Collectors: MetaKovan,brendandawes,
QmSxWcVyW79dfMM5aUK6w6dXhofdQRcZ1TfLGznmHeCZdo,asset,The Collectors: MetaKovan,brendandawes,video/mp4
QmeYLFswWZCPZEidab9htFjtTP2Xjk91VGeu5wVmTXyHBs,asset,The Collectors: MetaKovan,brendandawes,video/mp4
QmYefuWpEikb9X7anLp7ZWkRzuVUa3g2DRG11UcuodijTP,metadata,Space Cat,JoshCreating,
QmUg6ocuBMpVxHjUthGJiXr9wBZP3x19vVaSGgWkVuGNxf,asset,Space Cat,JoshCreating,video/mp4
QmVe13vF1SbrTYGTjoJsBPJPbQCoHLzYBVv4TEkutRJFBr,asset,Space Cat,JoshCreating,video/mp4
QmQieBLWaPH5WbgcUrF18dBTaJPVQUFXDcNVtK5uMZ4j1D,metadata,0nir0 - The Starry-Eyed,Jaen,
QmSYgKHSNaLA31upJqbM5TaNCcbaFYdXb2ZhW5jtbhVeBq,asset,0nir0 - The Starry-Eyed,Jaen,video/mp4
QmWnb25SokJ43oSEhvM2BvUTtHvaVcat42UeBzabh7wQ73,asset,0nir0 - The Starry-Eyed,Jaen,video/mp4
QmXtoC9iAGXgeS7akRiZu4Gi3M97iZvtzA3hXz46CHjD1W,metadata,The Collectors: Paris Hilton,brendandawes,
QmXmSAZzK77dtqdBLkMoqdro3oUzhThjiMT2dDJ6ib7siK,asset,The Collectors: Paris Hilton,brendandawes,video/mp4
QmNyhvuKBJB8MaWAsm3ijPakyJnbMrkWQDnb9KkuHKr4aj,asset,The Collectors: Paris Hilton,brendandawes,video/mp4
Qmeo2A8KVMDR35vojfJMwdp1GGut5XJUNs8F9JAKcN1jBX,metadata,El Dorado Nymphs,the invisible realm,
QmV1J5SmoTSkQ5CKFSADrdprs3NEW8uvjv4yJQ8cNnkhZ6,asset,El Dorado Nymphs,the invisible realm,image/jpeg
QmSpbMtp5hpi8VfDKcde3fJ94U6XQNFNVZ2EoLriBNqb4P,metadata,wishing i could fly,saturn,
QmWjAsm19EG2GyXAVPtjmW28G793zZZoP9mfgKXBHSSY5D,asset,wishing i could fly,saturn,image/jpeg
QmVfzPp63js2WzbCboBfeKXiyJwhFwuBoF8VeBoCMuH1Ma,metadata,The $cream 99',Boreal,
QmX1MUx6kVom83poTMxfpkRkyh9j72RPznewPePZiDbu7F,asset,The $cream 99',Boreal,video/mp4
QmSkF8HkFLWbAdgen7Gt5YgEdbEYTjrqDUDhbMNTzrRYtf,asset,The $cream 99',Boreal,video/mp4
QmWpqKi669zTBAWifXdsvCSY6TDNnuRyZnBzMqLH7A6LCr,metadata,#07 KEY [YATS 50],skyenicolas,
QmUgQDt5hj56r728sjJiSfHrYJ1JBm1uWzHJcwDMuYX61E,asset,#07 KEY [YATS 50],skyenicolas,image/gif
QmPsd3MHAANaM4854zCM39CftpnJWXiwpehkRXQALqfTrc,metadata,Space Gecko III,cyrusjameskhan,
QmYTKBpfSZKFtFD3zvVV1bLhJMTAcYLMkLSh7b3T5CgWD9,asset,Space Gecko III,cyrusjameskhan,image/png
QmSoCWDWq3KNNSUDKpguCsHcVJ2b41eSeU3JVagmbAbAiw,metadata,0nir0 - Whisfers,Jaen,
QmSWCEAN3BVtyngb7bh6q6schHP9T3v6YShrtLUXcebkq6,asset,0nir0 - Whisfers,Jaen,video/mp4
QmYWApt25ZZ8RhnjEaNxPadqs4NciPCN58aL4JtPG6GKF9,asset,0nir0 - Whisfers,Jaen,video/mp4
QmZSPGatJtmnfwaC6K6EU1P8Sjo1PRTLTcUcHxamngSDgv,metadata,Cortical Syrup,neurocolor,
QmXjSFFVu7gmEACDre5r7yAvMM7e2vfPHLaTJ6XecyEia1,asset,Cortical Syrup,neurocolor,image/gif
Qmf1GfBCJ35X39ks9Yy6eXMVXyMjBh8EJjHCVDin3e3mX8,metadata,Healthy environment,restlessperson,
QmWhknayQVKJ6WFGVaEwCVMiNVxrRU6vMNzhrzAS2KQdJQ,asset,Healthy environment,restlessperson,image/png
QmPekUfCs8n2LyU7K7iFzyL5FJ35AWpNTgbngNcNPJChxt,metadata,Diversity,Sparrow,
QmWRi4Gm8iHQFuqK18geKPMRjXFEtEo3it36GJMRWEFe7x,asset,Diversity,Sparrow,image/jpeg
QmaVPrHug6Bbfbz9y24Fo5EJxWzBkmVfM8e3NJotTbJSDx,metadata,Inorganic Muse,gric,
QmRQcTjFjHDhVsPHRgF6k5a2PtjMiYhKXZtyDsGrDGHLtw,asset,Inorganic Muse,gric,video/mp4
Qmb79y7QZhLbnYSAF3BQXtioHvTVA2fnrANXdcY6RNRnrT,asset,Inorganic Muse,gric,video/mp4
Qmex7zEveDpdQpA3UHw8BDRzQaxn34vEMupCEgm9Bicjw8,metadata,Tetrahedron,CHAMArelli,
QmWZcifBtKmUxUEkPSXKQPkX4avVrw97UwAacem3Y9FkP9,asset,Tetrahedron,CHAMArelli,video/mp4
QmTeSFijNTnfJJpgMsEauytVuzDBqwBHbcTRN6Aq1PLhau,asset,Tetrahedron,CHAMArelli,video/mp4
QmNZQbJTmJBYLF4N4bS5azujQvUKMJa68djuWwz8fwRjn8,metadata,Optimism,fesq,
QmWwpJvHN3Z7m2AMzvQrWn3YLWggd4fqXmmQQL3DyosiRx,asset,Optimism,fesq,image/png
QmQmEoHRWMsTD4xFSkoxPeMkg98BRAnCYQSDbQGoZMn6DR,metadata,CryptoGeometry / LIFE,CryptoGeometry Art,
QmbVggUndkfxo1a6KvANLU1XFUC9irvNUZaQPsfWaYpikM,asset,CryptoGeometry / LIFE,CryptoGeometry Art,video/mp4
QmPt3v1kzDebB7pYKXUdmYcJPsY2UTET4s6QVZGuJTdbFT,asset,CryptoGeometry / LIFE,CryptoGeometry Art,video/mp4
QmbybZuJS94NSPdsDKwg1dTnRnjTbGoVgvzzVQHiU4oiFg,metadata,Equilibrium,CMYK,
QmQoMZYYH9FQw8mhvrWE8nLfepCHSwBLgKCbhzpGC9viz6,asset,Equilibrium,CMYK,image/gif
QmeSdEBCMdQKqY4FQrGhbvtvmebG3taauLG7UrrAV7eZVk,metadata,INTERLINKED. WITHIN CELLS INTERLINKED.,nicolas,
QmWGp9SCnvqH6TGtcBMWbaVaDGdYJNCdVBLMRi9o5vtiaY,asset,INTERLINKED. WITHIN CELLS INTERLINKED.,nicolas,image/png
QmaEQFtdA2t2bV5yYrdwYaQ855CHFxgdZPwH6R5ekNhPws,metadata,Happy birthday to you!,BillyAnalog,
QmQDgVobjQ3kVCGNRXz9robX1HnGP6ajMwrCFpn52rg8e9,asset,Happy birthday to you!,BillyAnalog,video/mp4
QmYemVy6rPNwk4SnwXEPKNRVPqFeWZS6daM7KrP4P6tN7J,asset,Happy birthday to you!,BillyAnalog,video/mp4
QmfVm46nRL4XqrbyGfsp5oxX41DCRviJ6kfkHGSwT3eMNS,metadata,masquerade,ra in,
QmZCR4XriBS2HoxRyaBJMNstxEST1WHue6uCRbjhE8X7DA,asset,masquerade,ra in,image/png
QmSHFNHZaT8GbLZnWvfP8qCANjVv6EwiurRPE2qUTm6igT,metadata,SPACEBOARDING,kotutohum,
QmbFN9xJnW3tGks3iS39AVeN6ybM9LXCeedFQkmMruNcMK,asset,SPACEBOARDING,kotutohum,video/mp4
QmVEeJ4DNM8fDPy9KxF9BLSrt3rNfHWcQwUYoF8E5sFB4N,asset,SPACEBOARDING,kotutohum,video/mp4
QmdHUabivFyRT2ftnn9mwGqt1BFVosZLvYbWiAc19XuXPX,metadata,Gambling Souls,JamesSW,
Qme8nhZb5mPutwzfuaWowZvcABA5rSUNQVDCMTWCu3aWaJ,asset,Gambling Souls,JamesSW,image/jpeg
QmfEj6EBmLoXm42BGS3usZQJQ9BeP4onC24y6X5n8bEiHn,metadata,Jaw Drop,CustomHorror,
QmScfWFM6b7er2KXbWBwEKDzGiXDYA3gJy1cLcX5xeaKcS,asset,Jaw Drop,CustomHorror,video/mp4
Qmcv1shJCAMuKJ5VV8GUTgvz3qFnVKh9XrToMjT831JwDw,asset,Jaw Drop,CustomHorror,video/mp4
QmbUk4kmqmJBcUGH35Ww7gDtxC3XHMmNiFpfgHwEg4U6FZ,metadata,Alchemical Theater,Marcelo Pinel cybermysticgarden,
QmUvLTKGFTN86CvSGAeEviErCKnm6c5Kt6aKAJpfctqprY,asset,Alchemical Theater,Marcelo Pinel cybermysticgarden,video/mp4
QmRGVdxtHHNEy4G95Q3N6BoXm62BhRNxxJ4ij3cv9drjoJ,asset,Alchemical Theater,Marcelo Pinel cybermysticgarden,video/mp4
Qmdbm4k3a3RQ1CNqcrirzifyxsVPHyg24bA3DbpoEY8YwB,metadata,State Of Affairs,Gary Cartlidge,
QmNxtYZv3V4MRKqFxoEfXqcziyfxcK7PymzoBRninuPgtZ,asset,State Of Affairs,Gary Cartlidge,video/mp4
QmTrezm4dNy1WmBQJiNSJEqkHFenb4QxVxDLLcy4gkfQam,asset,State Of Affairs,Gary Cartlidge,video/mp4
QmaYrewanLgDHQhGL3pEpGuPY6AMgNAFZin7BvkVFkjWUh,metadata,I Have,ESC,
QmYhi9VYceRnzUhUFnas7UjaQcZ4Ldy3CHfjBNvEfVttyu,asset,I Have,ESC,image/png
QmTohNDmULSPh1sVTND5eqxx8hY6w6d5Mau4GM876iC3vb,metadata,#08 ELECTRIC GUITAR [YATS 50],skyenicolas,
QmeycP1KrVeLuLL28MN41wSqBWc1qbRyGxUhK1rgWigUJV,asset,#08 ELECTRIC GUITAR [YATS 50],skyenicolas,image/gif
QmWfsJTvR3m2tUmN8DJ2R1R6uzUaodd88Fnmw3uSDVXdDZ,metadata,The pizza day hangover,Moxarra Gonzalez,
QmSYBH4DUeN5DFV2FAuiCHJ1yiomg4UU8ytxMLugWQy3pN,asset,The pizza day hangover,Moxarra Gonzalez,image/gif
QmXMh5v2Lw7iJ9cLEna9KKaoJcT24iBRCJmo5i6ZvpHDbS,metadata,Super76 :: 2021 Sabet,sabet,
QmT1dYrgAWsNaPP3LpseMtNYehRv1VeN2bFY7pNFAEBM7b,asset,Super76 :: 2021 Sabet,sabet,image/jpeg
QmR8txVWxY3ZPYkrrdFxNLqbPEz1KWoNkFb5Hbf8d4eChf,metadata,Warrior,Kalov,
QmSK59uUDuerSDGA3oE7Ubw6n3SBb62A3qBH9nXMRPDNZx,asset,Warrior,Kalov,video/mp4
Qmeqg8LpA9ov7VPxro76YkfF1gDgZjiiSyKBSdsCUzbVuu,asset,Warrior,Kalov,video/mp4
QmWnPwqT7T6HRZQHXwaE8BMorK8vzW7ecfnowAyRbcikGD,metadata,Peaceful Loneliness,scaff,
QmWjUPiMUaWnSteAkFhC6t2Lex7KxxB8MQs3HwuBhWVEdt,asset,Peaceful Loneliness,scaff,image/png
QmZFZjQhEHejc31n84D6FGLcX8Rxau7ivFHFwfe7kGZwFc,metadata,Eye of the Night Lights,Hulki Okan Tabak,
QmTgehQCCifhD44nTncRGuqF525penewFBDgtpHdhkAgP7,asset,Eye of the Night Lights,Hulki Okan Tabak,image/jpeg
Qmddpco2s7gHUJWTL56SYGfmQJy3Ef91SvtWkgP8D86tvX,metadata,Capitalism, Patriarchy, and Feminism
QmZHFReK7Tok7MjPFPJwvFtujteHxJQjTidMJy87VEkZkD,asset,Capitalism, Patriarchy, and Feminism
QmZKnTqdmDxqxGCtfTW5wiDevSCLyhAzJdVi2FabZdo52C,asset,Capitalism, Patriarchy, and Feminism
QmX6Lp7x6JAPzMeUrK9mKLLzEkb6p8fjeHpaeCqGmrzh26,metadata,#09 WATCH [YATS 50],skyenicolas,
QmTJF9tzkoZyfhzAfbq32tDpByVDdvzR4AQKXjoJaWoyeG,asset,#09 WATCH [YATS 50],skyenicolas,image/gif
QmTJbG5fMV6h13fL4E3wodEqE9ozGaBFYXa54HymQMjsVx,metadata,Creatures & Friends – gUmbino,Waxbones,
QmSLCRXGbGrjTdrZjLC2ikDMFrufjAdRvFjshBWwyNQeLT,asset,Creatures & Friends – gUmbino,Waxbones,image/gif
QmWGX1jTnyxgCw34GQW2voNuAnuGaqja2ivhi1TaYoJeDc,metadata,Look Behind the Snake,HeeraTaak,
Qmen7e79SFWXrbWV4ke5Aoaj5PTgdiQ5GtWzWwEmkCgUfP,asset,Look Behind the Snake,HeeraTaak,image/jpeg
QmTKNt4DY9LyK24skfRGEUix4qHVsfW2VW26hsxWp718yh,metadata,s/t noise,Andres Senn,
QmZ7Q3NYrzxZU8kAE5TLtbgkhk2naKyvFfMS1QqTEVDo1C,asset,s/t noise,Andres Senn,video/mp4
QmZ2GBCfVrnAA9mpZzznLKZQxsBy9GQYfBkVCf2mgWcCH4,asset,s/t noise,Andres Senn,video/mp4
QmeirGxCDs6GNrsf8AorNUptjTs55N2Pppz7c75ygp75Bh,metadata,Poetic Spiral,Hulki Okan Tabak,
QmVCF4JrMyi5oSeyCYDBwgMLyqpC1phMm5GtnH23VSxMj2,asset,Poetic Spiral,Hulki Okan Tabak,image/jpeg
QmcTR7c5hC4ytnUEr2YBTYpmJYDii6Vdfv26U6dYEtvesF,metadata,Zombie Biden II,DKleine,
QmUiAtKSh4vUsVRuA26gK6dBRgyP9CJfwAvSqxRsqCmTeL,asset,Zombie Biden II,DKleine,video/mp4
QmcAnYDYMqoZyz6pKKkSpSSjA7gCbyfZJ1v9fUugWWUWCn,asset,Zombie Biden II,DKleine,video/mp4
QmWebLBCtCvnPyKMktYNxp99cq3T9NDNYjPcsBvH9Y5167,metadata,Plume,TomLeighton,
QmbVrXMB5nk6ja85K7vCc7CLc4JoMD6Ep4UbCQzkEnbogq,asset,Plume,TomLeighton,image/jpeg
QmeuTwctJ3sno1sZmp4a2eHmH6noMzvyUnsv8DfcseBCXJ,metadata,Creatures & Friends – Habibi,Waxbones,
QmWZrzdUuPVfiYTntFdUiCNzwK3oaYqERWtshHGDTxXCue,asset,Creatures & Friends – Habibi,Waxbones,image/gif
QmdBDZ7Si42h6vZzd5tiiSyeRjgRfAAPRr6ye1fhR3CF73,metadata,Creatures & Friends – Savage Dog,Waxbones,
QmT46pi214ntYFT8mkS46etp9u2QQtniHwqACSWYg4VNuK,asset,Creatures & Friends – Savage Dog,Waxbones,image/gif
QmWyGcdCdugUKkBEBFXsKNPzLB3ctpBnwBSxTQxbTG9njj,metadata,Creatures & Friends – D'EVOL,Waxbones,
QmRjAEpmbBzbNbvKar9UWw3abVNaVi4huvHxh3QLtMUtUy,asset,Creatures & Friends – D'EVOL,Waxbones,image/gif
QmTWWbHgKzypgPmjXJHPvPz9N2Nu8hrLBdNyeHU1Jn94o6,metadata,#605 Investigation,tilmn,
QmX4ugy9nar2UhYFkGSCsx8b77RtqaRrjs6NUkEvWKbQub,asset,#605 Investigation,tilmn,image/jpeg
QmNkkY97NiofBsrADAk2285QN5r6UdumWmhNUEXomWYayc,metadata,Enough,Paolo Leone,
QmWMmBiAfgVfdMYW5k2vh5yM4kpLF1ixgXxJs1PrWhz5wR,asset,Enough,Paolo Leone,image/jpeg
QmTv5uoVsEyKL3Qtjnz5UYMr6CCvJsBZZcEyVmZygW55Mm,metadata,Paper Boat,lucclop,
QmRtiXY9EQGxMWCdJ6GCDAvXKQwDCKX4V1e4foK9wjyo2T,asset,Paper Boat,lucclop,image/gif
QmXQbFZfFXSYXrBcNKZKGwJkn4i4tjUv2RyHyGqNiJ3bUc,metadata,#10 MARTINI [YATS 50],skyenicolas,
QmZcenKoULkMMUhYEGXe6kj9zM7Ym6pNzPMUFus3YyWUih,asset,#10 MARTINI [YATS 50],skyenicolas,image/gif
QmZJu1fF3CvA1cuLuj3mtBZx1n4R64uj4fQWdFrgJxD8SD,metadata,Duality,infinitemantra,
QmYCHKGoPgNHKapU9pGikEgRteyryk8mtTBDMJFwAgdmpy,asset,Duality,infinitemantra,image/jpeg
QmRKLj1VDynbKySUe8doYik2KG8UaYhkHqPtGT1rvBAamf,metadata,-i'll rise*,Emma Vauloup,
QmTrrASjKX6Hyw2XxdTUe8McqnJwLjD6uALgP5vDNH8517,asset,-i'll rise*,Emma Vauloup,image/jpeg
QmZw1rh6GxoZYC8XhiJzYAYdaf7JSUNwYsa4vq1CmupY8u,metadata,Kusama's Cube : Reborn,Jwawi,
QmQyX7stFw2ogTWhzFn4J81oAGwyoyWWF5Mc3kRChtszFz,asset,Kusama's Cube : Reborn,Jwawi,video/mp4
QmX5PWSLryUHe68j3wHXPyccRG5JW22UMFGc6bxrUG7dA7,asset,Kusama's Cube : Reborn,Jwawi,video/mp4
QmYZVzLeLBduUT26yHcHtBC921BFb1yqpfc48R5o3uL1i5,metadata,Patches of Light,Hulki Okan Tabak,
QmT7fFfJh3tssmQxtn6apFichBdQPqVKFqD3VWgtDzHKFc,asset,Patches of Light,Hulki Okan Tabak,image/jpeg
QmQbXgjFGWJwPXvxKdBooSonczpgZurDMXiYCYD2qmkz2U,metadata,On the edge of darkness,Lucho,
QmedDUvbwhda1dcejcuSbFB2cAdAsADAbmYvCMLzvZp5iz,asset,On the edge of darkness,Lucho,image/jpeg
QmNi1BbTZvRmfEQsNfpmdNJ87imzVT6jAAcWC8rxgg4q5t,metadata,#11 PUPPY [YATS 50],skyenicolas,
QmRSny3KixFf4Lnt5FnNpVmKPM79kFenkxGBVg2frRSGJb,asset,#11 PUPPY [YATS 50],skyenicolas,image/gif
QmbUUshV55mjh11axvfG1sBU2LPYsBFboDgYbxWqPUwhXT,metadata,Knight // Two,Griff,
QmXdaLHkg3yySpBNWCEAHp1nqW4nsbbhdiLC4HBpp28o6D,asset,Knight // Two,Griff,image/jpeg
QmTp65XA9VXVxDr1j1AHMtREKFKeY6RQUnzVMmZPH3J45A,metadata,Cocktail Party,David-Koblesky,
QmcRv635smGTSouyD1GszRvk7YmURkHgd91EAAy8x3jfDt,asset,Cocktail Party,David-Koblesky,video/mp4
QmeKGz2EqvX7oLDTevPiVWFdc1UiCieb5A7SsYzrVipRvr,asset,Cocktail Party,David-Koblesky,video/mp4
Qma4eV3DKyVLqMKFyjzA3uue5GuezUWRpRT7XUwG2rgrZ6,metadata,Happy Sad,miguelgarest,
QmYmBhyZ9ALuU2sXbqbBvzPbsEjMNjts6Szgoo6uYDDD9o,asset,Happy Sad,miguelgarest,video/mp4
QmSkCWhAYbTo2b6g9uoC4iSSowCSfi39BtAnhoQ6pgw31j,asset,Happy Sad,miguelgarest,video/mp4
QmVT1RcFr68opEDpuZDf9YrTmzJEy7kK792mdepQH1jia4,metadata,Ocular Enhancement,lestron,
QmUYaSc6zLd2FGvYpznMz5a8rhpeW7RRKS7a4DorXSKV41,asset,Ocular Enhancement,lestron,video/mp4
QmcNhLtdxAbrBrfC9YvyNJFK4DUZxiz1619Cyd8EvPtSmV,asset,Ocular Enhancement,lestron,video/mp4
QmVbDpfRdYZ236FN5rp3yYiAac7LaUtF1endbDPGoWe6yQ,metadata,The Awakening,CHAMArelli,
QmSyXGMbUeXvjUT6bvpyNVBAXfRMaap3MCSd9XFVjBKaZP,asset,The Awakening,CHAMArelli,image/jpeg
QmSChshPeLkijMvTSV7FGQBHqx9kQyQQnNjD9iF9JMaqUj,metadata,Nature twins,Nik Broslavskiy,
QmShEWXsUwAGETMV3u7eDi8QAbEg12qNDHAS8U4TwZDcsd,asset,Nature twins,Nik Broslavskiy,video/mp4
QmUU1Bq1PG1pi1cP6p4iwrKReaDsabL8gVcHyryKeSq2yB,asset,Nature twins,Nik Broslavskiy,video/mp4
QmeYKcmPvnZVfZEiz4j6ruLSSf3LnsFaHpHBrphrMdcGyD,metadata,Encrypted Identity – Ex,MLOdotArt - Martin Lukas Ostachowski,
QmeP1KoMaZnPBCeyvBaLZ2d626R7H7hxKkcwomzjFhsNv2,asset,Encrypted Identity – Ex,MLOdotArt - Martin Lukas Ostachowski,video/mp4
QmcmATafM3DEV6Gth7toFrX31wc6LH1nBGspmFWmJUA2cX,asset,Encrypted Identity – Ex,MLOdotArt - Martin Lukas Ostachowski,video/mp4
QmUUL8baK6fBTXLyDbcwXBc41Y5rF8fZgDEAZafco9MPUK,metadata,Numbers of Creation,Monfa,
QmY4JuDD76jAvVqry2JLiaHHTPwYmwcMdg9svisKRoeBg8,asset,Numbers of Creation,Monfa,image/jpeg
QmdyZH3c84aVgwY8dKho6VWiM6gkr1iuQjWUraTancwUTR,metadata,Late,Ghost Cowboy,
QmQKz2HFkUQNLx3mkaWFEydkzsbDj5NKkeUwspEnqDCL17,asset,Late,Ghost Cowboy,image/jpeg
QmaHWGzSymhSSN2eCTgbhzrf5KeGR5trViANs2Z26ct9oL,metadata,Pudica uxor,petrelli,
QmYRWJQUuBeZKuRJ6XxTyageqXE7KBijwBKnmRsNuFBETi,asset,Pudica uxor,petrelli,image/png
QmdUUkmD24KRNAysdy3YZzf9PghboSUiRXDowrB4EeR45o,metadata,Hotel #6,Carla Batley,
QmUyMggHdiEGsg3reRpGHYovSKYJM5o9TprapPSA4u6Uyc,asset,Hotel #6,Carla Batley,image/png
Qma9J3nyfBVG1uSoT2ofT7Foui4mNxQ4r2aGykHAVce74x,metadata,Delirium 2.0 by Beng 2021,Beng,
QmWiXxYXrQ2mDTCxoE1aHrgrSAJT5zQpKXfyzvzjTswUqM,asset,Delirium 2.0 by Beng 2021,Beng,video/mp4
QmRARhpCPiKZndqYDiVFNkEqdmKDbpMffPGvkgF3eY8tUd,asset,Delirium 2.0 by Beng 2021,Beng,video/mp4
QmXSR25ai1rsz3QywYgXAxUWMHaYSD2LQjPe68cbmSCK94,metadata,Music.,Yohoho,
QmXzX9Sb62MACJQSVvPSANbZ64cKsJka2n9ncXckdnoh7J,asset,Music.,Yohoho,image/jpeg
QmZ7tPGhykXBTVsTSEDnTQKNEABLY3pubPRrwzQozqjUDk,metadata,Feedback,Sparrow,
QmPfJ1wzFVZHCpEXgFtZH4YKtTcevvroDL1G6DLh7nvPsr,asset,Feedback,Sparrow,image/jpeg
QmTF2kx6T9QN2t9LGucVJiqfHqbzzFvZbZBgLCtbWYKsyv,metadata,Infinity Flower - Water,WayneVisual,
QmQwtJentrtUKuptj1MPQQ8x9ThPSubpr7sCaSYWzvpAdu,asset,Infinity Flower - Water,WayneVisual,video/mp4
QmZyVc9rsjD6cyygfXS9ZP788crLu6AYztJYpshyBRx5EV,asset,Infinity Flower - Water,WayneVisual,video/mp4
QmdZonrxc9b6DGqWGGt7Ur6SkQduuVCcBpE8VYATZFSkaC,metadata,#12 HEART [YATS 50],skyenicolas,
QmPRGhs4uDzF4FArYwUwAQKTZg1xYQbqBabfpYFLoSTnXg,asset,#12 HEART [YATS 50],skyenicolas,image/gif
QmYNWrxRU3UWKLgUHRW1yQXWiT3L1jMMJRNxvNVHfvDfiq,metadata,CthulhuCorp 2030 - Future Soccer 2030 #5,Kerb,
QmbELDDYUBqbrSoaEUkcGm9ZCNYYwAa7mhxR7LpCMphsKu,asset,CthulhuCorp 2030 - Future Soccer 2030 #5,Kerb,video/mp4
QmWtPZ6RTRAoUzcwKUPkGNCM1MjuMMF8UyfP4KLw2d97jP,asset,CthulhuCorp 2030 - Future Soccer 2030 #5,Kerb,video/mp4
QmWXKjYAr5FUoZh5YFdPbYCG17mMD39mQwkrZmqaufxt6n,metadata,all the buried things behind a face,LURAN,
QmSqhpSCStvkB5C1irNMgmusWkCJ9DBAmvGs7Dr3fkJTCk,asset,all the buried things behind a face,LURAN,image/png
QmV6vqJN6M9R1wSiJvyC1SyapZ8WnMRZ6uxnHhRPNR1g6n,metadata,The girl with the Ξ sweatshirt,Diego Rodriguez,
QmeHgf81C4aj1HjypthrNvx95haRuJ8MEXXuLpZZPoQL16,asset,The girl with the Ξ sweatshirt,Diego Rodriguez,image/jpeg
QmV9W26yMLPs237hDx22M9h5UzACxYTKcNf2qYo17KVd1P,metadata,Aglaopé,Orabelart,
QmVjibjLPFCv6z8th8CP5Z7cvP4qemEJjENtm32224HQnD,asset,Aglaopé,Orabelart,image/png
QmP6Hc4wjdpGYn9Wbg33uNqW5TuHYGZnuqQqZQwmHf2G3g,metadata,Heart Player,solanaviton,
QmdNjgtc22A1ySfatKwDwdT6stiTQyq9wNYNQTr3Si7Y5S,asset,Heart Player,solanaviton,video/mp4
Qmar9X3cC6UrPMVZKvG5YZ6D1efED5czSXR7Hd1NJMfJct,asset,Heart Player,solanaviton,video/mp4
QmPXWcw5XeESVYTRPqGNHbb6nbKJFg8jH3dt7tzZ5uRkJ1,metadata,The Girl in the Dunes,wiresandtrees,
QmUs1SVYXvJJraRqtywfAnZRe1qErF3HwzWWhnHEP5m7mV,asset,The Girl in the Dunes,wiresandtrees,image/png
QmZvKBm3XWcRDRKczmPKThxWyRjFF4QE4R7f8KQuhmZbft,metadata,Happy neighborhood,idflood,
QmcVScewVomPfcXY2beWY28B6db18WYAbuLjDw8ihy4qbn,asset,Happy neighborhood,idflood,image/jpeg
QmYHDkq49ufENYD115iunomYsScPzbCZnNGSznjXWiXQ3p,metadata,BRAINPASTA,Brainpasta,
QmZLmDthS5tSMCF2nX7M6VbuGPsu3Gurf29T5G6a5nPESY,asset,BRAINPASTA,Brainpasta,image/gif
QmXJi6JA1zbE3HpmdDNeX5jBGZKB7H2YbCcgyBqPH7qgFS,metadata,o$o,Astrosuka,
QmQFYHmL97FKALHfVL8mG57yVZ7iUAVy1JKeUBxJsNiyXN,asset,o$o,Astrosuka,model/gltf-binary
Qmbcs1aqnWPBdo5RT5Q3EDx2VpMXNiPPinomaibE43YQaj,asset,o$o,Astrosuka,model/gltf-binary
QmNg5xXJk54FNi7pfvq4LiTa7NynyvimsRWMRqfUL2r6qJ,metadata,#13 CAMERA [YATS 50],skyenicolas,
QmTxdKi4ccxPwnKRtZaWr1qaYw6AiCRFJ6HZgrmEKG7UKM,asset,#13 CAMERA [YATS 50],skyenicolas,image/gif
QmcecgVb2cidzc3PxBhENmmC4e2cUtvaLT3fAjL2PeKL8e,metadata,America 2078,karenjerzykphoto,
QmUo5b6X3mKarrZvB2ZhjPMv95r6EbxPfgHHZg9Sqsm5HC,asset,America 2078,karenjerzykphoto,image/jpeg
QmSWyciBkWANKqk8h1dY9BTWw1ZFXLyMmX6EZQV7B7XXA6,metadata,Kroodelia,Thedholes,
QmQn5WAY8CNnziSaxHUD3w6xZTUodwcsv9ypwPPXpkcYzF,asset,Kroodelia,Thedholes,video/mp4
QmVc6wHnY79QBsCh1LTJNfropVJbqp3naqh7RVmYwq9qAv,asset,Kroodelia,Thedholes,video/mp4
QmdH3C8hPKQn2WaXmaVSWBcdn2FunJhNQCoXbUnhRgAmMC,metadata,The Sailors Curse,MusondaMakena,
QmZGx9muKT7NvCEUbRzWaGJ9Zy7fXqWpuwrwbGdx7Jgrv6,asset,The Sailors Curse,MusondaMakena,image/png
QmXZPJCxfaXTEKnGWmBz6suXm9T6Tdmcv2ozod9fWb711y,metadata,Windows,iuri,
QmNrLxe1aRZ7YFfteL9GBMZdboiRJgWvntKh1V2by7ioqG,asset,Windows,iuri,image/png
QmagjhiXfR15vBim44CGrPoVv8gM8DbVcg4DF4bvfTbSSw,metadata,Point Reyes Shipwreck,Brian Mann Photo,
QmNahRMyDrVfsXrfgrZkob8KFLn49ehQztVgoG6x2XEbUr,asset,Point Reyes Shipwreck,Brian Mann Photo,image/jpeg
QmWEPAN3js7LTFCMEb4JgjgBZz1spWzmGb35KxyhEeDwR9,metadata,Daydreaming With The Clouds,NukieTimtiman,
QmW1NXdmiNZpGLf7NNbTd7NMDKp6HnSuU7vQ324KKqj1zn,asset,Daydreaming With The Clouds,NukieTimtiman,image/jpeg
QmTe6nH2QZCLv3fW41pzGvQkghFbGhPkaBWzk8gUypZen5,metadata,Detour — Belvès, April 18th 2021,eltono
QmaujXSa7raKwT5f47zG3kYnTCYynm6jU3i71NY3bMofkJ,asset,Detour — Belvès, April 18th 2021,eltono
QmcCdaAe3YCyoxFtEYvWVZQvyc3Tf12FMvquchDRExg3gx,metadata,Oracle A15-R3,JIN,
QmcAy5Y79kwZRA793pmxFED4Jg4uhKzVJy9uvZpNnQ3ZUQ,asset,Oracle A15-R3,JIN,image/jpeg
Qmejc3T7baQGKLcuoLqTPSVQ5VWjk84YM3UC5bMucbLLHi,metadata,CthulhuCorp 2030 - Full Pardew 2030 #6,Kerb,
QmU7cKkThGZCuGgDCBMnaNahNrgrNqJ7qPYA9MQ5iF365a,asset,CthulhuCorp 2030 - Full Pardew 2030 #6,Kerb,video/mp4
QmP7ZNeuYtFw46DHLJxtLHeg62kbXwkFiRBEhGehwpYY54,asset,CthulhuCorp 2030 - Full Pardew 2030 #6,Kerb,video/mp4
Qma6CS1gsYH8KMFG3fpEb2pC2kanwHXtUkerVUaiM1HV3b,metadata,THE SENSEI,Cyber Shakti,
QmfQ3t1K5Dcv4FxL2ruA8AQi1h8nAkdXHyEqsGEzDLJiT9,asset,THE SENSEI,Cyber Shakti,image/jpeg
QmZGw87pZTxfd1B7D2JczufzNDcsmpNqxCaqyy2nuqvFAb,metadata,Voidcitizens. XLIXmerger Collaboration 22/49,Groubtroup,
QmR5kSw5GuFVP3NHuHR1sXkEp9iJ9c43MVd89sAKT8keCY,asset,Voidcitizens. XLIXmerger Collaboration 22/49,Groubtroup,video/mp4
QmcDxbWw3BKEcqHWWSxQXdRGnJkQFj2T43Sd5aPUM8AmE5,asset,Voidcitizens. XLIXmerger Collaboration 22/49,Groubtroup,video/mp4
QmazrSNAFyoa3r1r8uJggBd8KKEMXr82nhdFUHVZYGcLWU,metadata,Jungle,Shahab Alizadeh,
QmR6poYRKehR8VbxgBxh6SYrPtQRLqaisEVyxptM3anBx7,asset,Jungle,Shahab Alizadeh,image/jpeg
QmbZJ6LSgyuSUwZbuCLBk5oBM8Zfq8U54fbC6NDj9XF3Ms,metadata,Watching tennis,David-Koblesky,
QmeQDdRyscpH9yU6Z9ehQFwxwPWwK3nX1CjtKqJ69N9Xox,asset,Watching tennis,David-Koblesky,video/mp4
QmYViuqfUVSwHfvqFutnhYiuMjiVJu2VgsQMhFATLyiEUN,asset,Watching tennis,David-Koblesky,video/mp4
QmSphRq2fWHU4x781pomDS7wqzyVzzRv3M235y9y7gYTTv,metadata,Human VS Tech 01,Sito,
QmV67Y58FQZggTe7s89JDfgtepjuoUSBQfLTJ8JZtTuebz,asset,Human VS Tech 01,Sito,image/jpeg
QmRfu8niNdMd5RypLzcCJPcKTrW5F6515yC1AF4ynNbB5n,metadata,#14 DRESS [YATS 50],skyenicolas,
QmRuXJWAVw2kJtTSfdNum7pbKEyQfiujUCHodGaSSRCmnF,asset,#14 DRESS [YATS 50],skyenicolas,image/gif
QmRn8mNpEnDsNXwyRqQHxqGXX9T5rXhef3B7ekY18tghPr,metadata,WISDOM,Panji Krishna,
QmVugfs9wQ2J7Qz3mLNPcPRCFBw9ztBVC5iKrPJ1nSr2Nb,asset,WISDOM,Panji Krishna,video/mp4
QmQXweT3UJUaQbyrGu4sa3TJXBXBiZJuckGTpRoWZpuEb1,asset,WISDOM,Panji Krishna,video/mp4
QmYpePatT6f4WXtnAkJaY5roJNTLqZrUEg9czTVtvNCcvk,metadata,YOU'RE MY ONLY HOPE,nicolas,
QmZ5A4E44YXkzjCpWFWC9UTFwr1EPNvUh8hoAesZS3nqo1,asset,YOU'RE MY ONLY HOPE,nicolas,video/mp4
QmSgiPc6uLmFLuhDPAkAamoP88CQ4VFyYEKRBFLAPZUPdE,asset,YOU'RE MY ONLY HOPE,nicolas,video/mp4
QmXN16gbE4jhpQKFgDYxQnEW44mBSTVQqRoMk5X7gg8A3V,metadata,PHORM 001,Plume,
QmXmW2yewBAwKsimw2q9uBEACA9tep3ocMn9d74ztuMXxp,asset,PHORM 001,Plume,image/png
QmQHChcXG6q74naocpc4gbn2waycwTzPgUMf9o5FiSBnJ2,metadata,Ghost Clan Shaman Redux (16:9),Lawrence Lee,
QmdHAzJ6cjaWWBjHYk2wSZi6fdofzBibjsXexyKjoZoQcb,asset,Ghost Clan Shaman Redux (16:9),Lawrence Lee,image/jpeg
QmPXJYivW9jFi761LhnksdiGu9KSE2cXa1dKvfvG3rZ35s,metadata,Plastic Galleon,colourservice,
QmbMitLnWpF4QrMrVkFzX8ZByoNMHu2yxRb7SsZMuWi3MG,asset,Plastic Galleon,colourservice,image/gif
