CID,Type,Size,Token/FileName
QmQx2eRHGp6LNvTsqqGfspQY3yErSuoAH39RQqb7hWhZzZ,asset,2936873,qmqx2erhgp6lnvtsqqgfspqy3yersuoah39rqqb7hwhzzz.jpg
QmUxu3yUHXWzZ5PN77v1RN5ncF1YsnXd55iw7ihGkMYqQa,asset,862536,Right
QmPxhv8E9434m3aPWTcH8qH5BpjVieGhcoTCNwzw3D1ju7,asset,,Background
QmQMBiKLYSkSAYtqQPDGnQnTAHbUx2WtuZhFeFWFbw1HbW,asset,652761,Right
QmdAxoKc9AGp3UU4xSHr1CzbYS2RqkZec6jC7iytnzdwfT,asset,308020,Right
QmQoYSuUDMntvdeLwiGLkHYyEqWK44dxt9VtkiH9tNeCRY,asset,328042,Right
QmXv5vkyjzFQHNHD7dKGQ9f41ZoXZ7LRXeADhnEDkrTDJn,asset,374354,Right
QmZssoRJHejkk9BAzDBwiaddCC14UTyeQRAzLwU8MEHXJC,asset,496656,Right
QmbWixBc1t5nFQYdWACydssufacbxXWoarNa8QLNNwhgxf,asset,826483,Right
QmbwdbkF4vvje3kK7DGHCu4DBKjmyQvYnD5M8FhDo1zm35,asset,714051,Right
QmQz34S5SLcF6z41wdFFhYCUxnCGKCugGDfsEaYwonuWNQ,metadata,25762,qmqz34s5slcf6z41wdffhycuxncgkcuggdfseaywonuwnq.json
QmfJVU2dbo1dtsgWQYyezrst5ifkiKBUV4LJjhsPU1D5Wk,asset,626975,Right
QmcCn7k85XkgNHojZuaqEtEPGwgHsvVUJK91WVpcYSiu95,asset,462510,Right
QmP92abCjvQQgfnp6gyMJjPYGTc61mDtgjDrobXD2ARMyi,asset,1131847,Right
QmR84mw2tVfAG7gfwgS7hQ9kHcLxFyMxoaUjpY5BCJnAcz,asset,772861,Right
QmNdbQtsHaqMcPLtyqWNXyDphyNS2mjpnkZcn3YYysGaAM,asset,461622,Right
QmYC21wnAdL8Bmq3sK9FAvWaq6oFoQ9b2BtTnzFdzwVkLX,asset,587278,Right
QmPk6YNpGP3C5nuuA8ZAi9fCfxmPfva7Xuhi9edZcBWpBP,asset,1027211,Right
QmNg1JoS24VwqiUd9eKViK1Zh8NRqduw4Svkj697erZsrf,asset,379415,Right
QmchCC2hLdBnXm3tMzLH1vEGbFR8C3JwMVR7ECpZhx8MJb,asset,765089,Right
QmTMaGep1Pt51tmdbmD5ktfatXRdT5Usa4prisPR7Z1Tyi,asset,521183,Right
QmdsPwZDWNDVBizgWieUAwVVrmSEwwFLZ6iap7FdoexB5W,asset,837687,Right
QmUAe1sB7sREFCRJUk2UqRfEzbKtriu1kFs28kK3BzqN6r,asset,1140616,Right
QmQUGcZrSBFx96wcn64ymqdgjGuUDzTVaewe4yzFQpPaVF,asset,407691,Right
QmYK6QQLULtaWkoM4n2bcbJzC2p45Fk7rR1Kq1F6E8aS4G,asset,622530,Right
