CID,Type,Token Name,Artist,Asset Type
QmY4dPtWemsfNSVeeMB6FrzaFjzKEtndwR2DYArFNGatyu,metadata,CoinJournal X CoinFest (Night),,
QmdvYTeymswDR4ts7ySYTgQXm2WCXranXUYXzPd29R7Nj5,asset,CoinJournal X CoinFest (Night),,unknown
QmWgZHLgoP4Ck9j6fnJY2utB864smvGjnYbYuL35EkvbZq,metadata,Disrupting Finance Since 2009,,
QmRzngc9nFTfZZXq9uY4QtkWNMxvrFHXhBVpN6L7dNRQw5,asset,Disrupting Finance Since 2009,,unknown
QmczAcafyGNWMVkr9DMCDRCDBEnx1h6FncAGZpgR8KQoau,metadata,Lisbon,,
QmcqmtZTNwAKpLQboz8sfgkVuKThgwo49C2ZGN6RGwwKtF,asset,Lisbon,,unknown
QmYtPBJyn2Mtvo6uhusHZS9oVyzzGTTLxE4heMBQpA7xpv,metadata,Family tree,,
QmcY7oWfakk62bPEdxLP3tBkiAeZ43t4HpRYpgnNd3cxox,asset,Family tree,,unknown
QmdU2jFym9padrzCBrH1ADz277qkug4gXRXhZAHVREzJKY,metadata,Boo!,,
QmQg1w5G8M7KJyjZqQchnUKyR9UnV7nxTgjaJZvHvqAJDK,asset,Boo!,,unknown
QmX8MoKPQZNCRz34u24Ah9UQcjYKTNfuxHJA1WhHdxdJiV,metadata,Up&down,,
QmYcqBXkn7R2H6rA3u1nGUSLK9dZL1owd7iJauEV4keE1o,asset,Up&down,,unknown
QmSzvg5qJusbSyDPE1DHaotP44aXjNMQqes95F6L9YHYMq,metadata,Wake,,
QmbmadXT7nM3kKomh2UsPgLNSoN2vXTc4vzsdB5hnUFJyS,asset,Wake,,unknown
Qmd9N4GpbdcTQVEPueeFUdv9rm5EWjniu9EKhcTFDmDmrX,metadata,Kurushi,,
QmRounaqMhvxdp9qBgv5ccbisWzppPQZzzUoU1fwxRBchn,asset,Kurushi,,unknown
QmQUF5WDQNpahXuoVG6g22jU6HG9jVRMG2Jn9QMo7EMAUz,metadata,Peep,,
Qmb1WBPbgMUYNVtXksbbMThpWtxU7jkDooyoUiLprzubc8,asset,Peep,,unknown
QmZsEYjbPw3tiTPpce41FUJKTmPxRcrnb9EMrZ1BUCTZ5J,metadata,Manchester,,
Qmc7ymjNjaqsqJsZ5tNskcvUeuBFpuDxtkE4sKXkyoYeVu,asset,Manchester,,unknown
QmZ9NQCuCrgD8UW36kgxUcceGdaT5h5VbFTUax2FYPomqX,metadata,Happy Arctic Fox,,
QmT9iCuqkB9i9U2KXm6YhH5bn6jY7YJwWJHMu1EAsTtB4o,asset,Happy Arctic Fox,,unknown
QmYooVHGsAoPoM9uWpSYvEA9Hz264eqVyDy53ZwfKvdhFx,metadata,Red,,
QmbtM2yqaNZ65zG7mJpg93aYkvbjdcbQcP4tzqBRFzxeKV,asset,Red,,unknown
QmVuAWunBXXsLQbo5NZyozqbngdRdykuwuwe1DHiCKUfKY,metadata,Blue,,
QmW6YzvhpkbNZJaH1efq8riGfL7YRab1h3iVtCn2K9qTuV,asset,Blue,,unknown
QmdvJxRb2kV9riwzAdoZ1M29AVbda1ktt3waxdcgKUmyXY,metadata,Green,,
QmZ6bCyQysKJHeUWHik7XZPvAT5JZZjUbbrwKMteaF9Jyr,asset,Green,,unknown
QmdH4J3vhRE7qEJZWFvLaFmvo5WDoczcjndJGkFf4xnutp,metadata,Void,,
Qmajje45W41xUyyrADD7Tshns7MHTbi5VCRqRQMA2Nrp1M,asset,Void,,unknown
QmRgRG5LCfAbFLxg8e6TZLDK9kBGTpRopJRxrG2ex1rqCo,metadata,Filament,,
QmVKcRZJNpyXCpv99RtTojqgJwBL5rmY69V8vhcZrnQMQq,asset,Filament,,unknown
QmVTDkwubtkzG9KofFpQ7d9MPn8DgXarrUCEr3MuhpFpYj,metadata,Stellar,,
QmQ6TtUt3e2Dj292Tq3e5ikB14VCMquZiKASbb65NeBp4f,asset,Stellar,,unknown
QmQwHSwu2iTPF5FVBHNL7TNmg2birznkTg4sFRiF8Wd9Vo,metadata,Pebble,,
Qmc8gU49U852aU4wkk8qgzAxBFeHNGj9gtoZqMBxLMZ4Sc,asset,Pebble,,unknown
QmaRLAyMpNkpPVw75zgZVGSQq6Y7hEKpFNpANW34uTsCrH,metadata,Priestess,,
QmRVz3iXXNeowwme3FGS8w71LaFureWu1XGHbPo53TRHWN,asset,Priestess,,unknown
QmSKFZiGYupMWj34pP2DNM6QwAi328hegSY1EdvKRXdaPs,metadata,DDF1,,
QmYdFXbAkxBc2uCN6qXs9xsH9xVioYECDGwsCLYGWW6UsA,asset,DDF1,,unknown
QmYC1CHvgaHsit4SrCdM5qBxHFSLBroe7Fuw4rokjRjKK2,metadata,Happy Friday Bird,,
QmWvF9H5ejccr5sVvvdM7Yj34pPP2iZGwkbyqQ2xvCKJka,asset,Happy Friday Bird,,unknown
QmZLwcWfoWprBrwNMHmwdVjusBoChnpdRxXH5ysbDL2HLM,metadata,Spring Morning!,,
QmTenX8zYBzCPy3HPDWiDLMPAAjtvC4muqWDW5A1yp6BeB,asset,Spring Morning!,,unknown
QmZZZYtNL76GybxkyZCLVuzf4wJXDKbks57RAfmWYsMc9W,metadata,Running Riot,,
QmVpFrBK5gupqGZNHCrGH65Ju79SivaeiWcsNkjCQDJLF6,asset,Running Riot,,unknown
QmNvBCKVFAantUX3UG93UJnjtRepCW3Wm7kYBh7epMfgKa,metadata,Emoji #1,,
QmTHshtetAEz6YQBGVHj3FwWRvsrgo1iixxRH3DpL4LmWf,asset,Emoji #1,,unknown
QmQKv7aJucW11XKvmzUc6CddWRF7n6w63dE28TWSjMDwUw,metadata,Treating the Symptoms,,
QmbyCn7o7f3DSrK28TmvbgqW4rH3zYJfyDp3G8TWYYYKbH,asset,Treating the Symptoms,,unknown
QmUYY3LmsqHtruuCWwjTC4EsgbdkkZ7zLEo3gQDvyrgRC6,metadata,Hype Death of the Scotty,,
QmZNZSGmWidnSoDZ6BcTouyehqi8AwmKqHMfxdptBYHi9D,asset,Hype Death of the Scotty,,unknown
QmSBN8zqqoZvknF5PZjTqgS8mTQeXquNM9mFR4Z3mgx434,metadata,Liquify,,
QmVULN1KKYaJfbegHUrgMyLBtCyTyoD6A4ZbjJQ5mLLi5k,asset,Liquify,,unknown
QmeLxUi7trfYB2EY6aZ2WfeuiJRSWSdNmdhzi57P7jt3Lq,metadata,Daffy Rain,,
QmRUXoMgq5sbzxWGXUUETCMYW6jQnnzmv6wie5svbGSNKW,asset,Daffy Rain,,unknown
QmPNHQ66BQTUWpbhb4vUZjpsuZ4HCXAC96UcbDnmNiQvoR,metadata,Taming the Lion,,
QmQ1dv5fyL5uLaKZLRdVDphpGXD8CBt288nrnx8DhE6D1R,asset,Taming the Lion,,unknown
QmUuQmqpqZv9vyhy8HpAB14odZaRifteJ5zrJ4makq4sLH,metadata,Too Many Noodles,,
QmRC6asEghMxsqKCatkK1eNgHBUHxvrXpwrvGLVJ3FCZyd,asset,Too Many Noodles,,unknown
QmaTYHj9DzyQLHmjoDq8K6Uj8GZHioV6irpu5jeBpjxd7z,metadata,Grass Roots,,
QmPqBWBe712KULEamLZkDBst5TLz7kGJRMjpg6BNbpSGT6,asset,Grass Roots,,unknown
Qmbgc7xgU5bDDwkJfEEyRW1EdsHHwt7sq6AbadL95huWhS,metadata,Soft Face,,
Qmf45K1MsTrfPeiaZFarurPzjREPEnvPcgJX6dDhcEtK39,asset,Soft Face,,unknown
QmSErLQkxawcBqBfSrtoRZDJzdDxK6pEyLYFLxfHQEXeLt,metadata,Bunny Bags,,
QmZnxsBjuDCMr22na5qjoZFNMytG5xBexTdVC5HPQaLkFT,asset,Bunny Bags,,unknown
QmYmssaNPKZLq5dTQddGTUTA6tas5sSvChZGfrPuoywQEh,metadata,DDF5,,
QmeEwVK34xSB6s3cBJQsvHUwDeKkjvBu2i8b9SnLjhQGQa,asset,DDF5,,unknown
QmUkQDkrkxEg5mUQdM1iH1K3F1uJXmDK3ceVPfg8hHS4pz,metadata,Insta Tweety,,
Qmbdf5KBGAkNeGthdZXdqzKM6J2FLvnqv1PRh74ehxo76L,asset,Insta Tweety,,unknown
QmbTmXPL5F5pttPUJsMwctG2o9SWUGrAVXGpXZeHenovMZ,metadata,NEOPLA,,
QmUtcC7s2aLN6ExSDRq7NF5YizZRTcKiXBxdfJnzj3cHGx,asset,NEOPLA,,unknown
QmZ64rsedoh7GWCdcD5roG9ceEPKConDMEejnW9S9xxHnS,metadata,Reflection of the forms. Series #01. Art #01,,
QmPbJSNvftbMiTGseCLbZ5JK6i4o8ZtJkT2tjconcLceNA,asset,Reflection of the forms. Series #01. Art #01,,unknown
QmdpsyWiFh8a1Lh5BhnpP4RSkmADU4HQNVLNqC2XcuymCY,metadata,Reflection of the forms. Series #01. Art #02,,
QmTniGDzAi7MUrDzBY3ifPQc6uQTJuhPaxXCezRSef6VtW,asset,Reflection of the forms. Series #01. Art #02,,unknown
Qma5erf8N2YU64myn8SBPgEFDDhE4VToAaTYcvVJALRhWM,metadata,Martian Bang,,
QmXpsBob8uD4FxWDjh74qkY3uH4CdEy5eCyStB2YQKu7uK,asset,Martian Bang,,unknown
QmPQ7WcYJeDXbRJDTyhVYV3SZKLLpgoeqLid4mxYPXQ3zY,metadata,Burning Fiat,,
QmZ5aFJypwSSLbaQUwejUAUGXyuHfvV9LGMCvQQckacKAY,asset,Burning Fiat,,unknown
QmT5ATCMKrXu3KTafuoJGYvC4vBQfVt3PuFVGQxTEoxYav,metadata,Taka,,
QmRXk1NshTPfKnS1h2KCUPL6kCFUuuporqwfA9biAysxZo,asset,Taka,,unknown
Qme4Uzb7RPLRUJ2Zb31E4ddfqUAtTPnbeTEe5AEdfVUbyb,metadata,Miracle,,
QmVKjY4LsM7hK1FQjmznoGmQwt5hMQQoRzz7tkwu44eHDK,asset,Miracle,,unknown
QmPtcQ6pKYhFWyqsPdzysixZnFzbNnEEgUszuc5ymri5aC,metadata,Apparently Aimless,,
QmTJVFZCcpYAUxs4XPsbYCmmsDpuNHxg7ro3KTmdU5S8bE,asset,Apparently Aimless,,unknown
QmPyX5uJX19ihncWPwUG5AKFx6uQB2vNb21HCLaCckUirf,metadata,Reflection of the forms. Series #01. Art #03,,
QmRTdEmN8DfSGbY3N7B1Ypf3gD9M7p1co5Vv2ccFkNQBS2,asset,Reflection of the forms. Series #01. Art #03,,unknown
QmdLRyaCtZCGBWb7V6vBnWFyfz6WQcj65K6Ar2waTRYbMz,metadata,Bitopian,,
QmXzv4bJNZJeBRU8NgQcJYufyNXVp6jF1ew7gQ8iXidFyu,asset,Bitopian,,unknown
QmTFfsWwJDKm8sGcXjmDobtK1hHnsKUfMQ4cfwKKjFpEzo,metadata,Ethereum Inside,,
QmYnJymCbHhwmyXeECMxoc786Qsn47X99kSTb41x1kv4MA,asset,Ethereum Inside,,unknown
QmXfRtJGXZf5mgh3TnuWVLKZeDzFb3kHMPv45fBrBqefeA,metadata,Punkin,,
QmP6BaQMT4iox8XHVRuZzGqgGckHvRWJFJDHUJfjDRyotP,asset,Punkin,,unknown
QmXui6AHrntr7EZfEeYmHre9NFQnsyBxZ9hvqWjMzniG1E,metadata,Hornsbee,,
QmbtgiqztsJgBwTZgNxz5zAbuvP3Ara5EpZbLsRsPdhH3Q,asset,Hornsbee,,unknown
QmaaK5Xk12bhnfWp4366JZU6mNmG15LUyg9gXRq2vwWTEN,metadata,Hornsbin,,
QmWvTDCmUCEk1ATpGZxBPXb1XFQTHLQ6YP2X4KcHgGwyvZ,asset,Hornsbin,,unknown
QmQSGyF9QnBN8FharuDGVZ9yhsY9iuve3tww5fr2iqAM8U,metadata,Tamed Lines Two (Diptych),,
QmSeC12QZ7HafsE7oktXdcEGncF5dbjo5Kjn6JzDCneTr3,asset,Tamed Lines Two (Diptych),,unknown
Qmeid2bjFJq93u7AYYujP5Kj4871V8CvSjmdTnRipENFMM,metadata,Pigalow,,
QmbXJJiaBcgRA65vpZzVHhRZLhmM53nTrYdRhaTnmgUunt,asset,Pigalow,,unknown
Qmav393uKBvWXWBBWRCAa3yUNgXxPiEWePdrtpcLUWGNrv,metadata,They Live,,
QmTbJvdAMQAPuyHiv3i6W4nDKguTQZpqfocn4YJ6Pps7H1,asset,They Live,,unknown
QmNu91p6RFodeE8nB4YzfEPkRMDP5zM1jrrQyVWqxDa652,metadata,Trigalow,,
QmWY94iFXVYS8gTV1hvnmZufDnX5EZcEwMoJ5mpJ3Gny4g,asset,Trigalow,,unknown
QmXVVZU7HseWdsDDsarQ6EPo9KSYX9CFy4VrfKYzWDF33v,metadata,DDF2,,
Qmbs3BGdB1HPkjULSHsH9kFBAqpPUX7yzGmRfXnAX6jBHU,asset,DDF2,,unknown
QmQ9BGkKHhJnBag8dRbjFCyJdbtsSfK93yYr1eqGBEDPXy,metadata,B.,,
QmRMCQeMyxRvxFuzpe388VnYsqaSP2NXLwwRKEPedJE8dE,asset,B.,,unknown
QmWYHFrHpyYUUVgR58WVUVnvmLpEhs133XJFKdZCSLXE8d,metadata,Emerging Shapes Two (Triptych),,
QmTz3QQMAX4JCSFb54qtY3gkpkeeS8fHyaB7VQ5vQWAQGn,asset,Emerging Shapes Two (Triptych),,unknown
QmQxYJTwjgaXJWqnE3wZmAXNYfFQWydd7jTpqiVP9CSZcc,metadata,Emerging Shapes Three (Triptych),,
QmfQdEScZiUP7hN8VxN6wukZbFKCuxnNp1mMdWGbyRjRnF,asset,Emerging Shapes Three (Triptych),,unknown
QmPzk5raHryh278i1aYXS1j7aEZqKGQ1dhvJGzXMttvMFp,metadata,Etherman F,,
QmTjU1bV8fZtBuJv9hW4Yccgp31ZyaDM9E1yNQBbhbGpiu,asset,Etherman F,,unknown
QmXCWEWE4FggifgUfqWgN2DZCPm8DV26gQvLzwSqvafzPL,metadata,OwnMe (black),,
QmTEe9ToKkCwhVaL2GaJnaWg6uR5qgxjWRsPXRyKhauxWc,asset,OwnMe (black),,unknown
QmYpFifMm2LEqpmn4yVopPWVB9cyqtwiWG18jnKvBvTJFG,metadata,Tamed Lines One (Diptych),,
QmfFHLgrmFnABLGcK6gDsDJ9itXtEBMWUxj7FX4VQ7m37f,asset,Tamed Lines One (Diptych),,unknown
QmborrEQ2etM5smfTLUKANgwTw7U1SZDSmsx2kx5ywdc1F,metadata,Like a Human 1,,
QmRpqFDQyQHHNzSTHpbMzyFUZkcPzh2tRWpz5qQxwVnuL5,asset,Like a Human 1,,unknown
QmSdS6wUcwDEoiPFBwt1ujSgcZmw5Zwcu56x96pFAx7uSw,metadata,DDF3,,
QmeKY15NvAap5hYyGXQymyQjq5JQ74Lrvmm4MUPYmcPAau,asset,DDF3,,unknown
QmQXaq9kEAN8jGko3p6CTxwHaYDPa2xcuvaCDrWuxVYVw2,metadata,Emerging Shapes One (Triptych),,
QmaGsWX9aeciTv5myHphr8xgKHRJW3vvgMSgtpQQYB6NJT,asset,Emerging Shapes One (Triptych),,unknown
QmTu54dUw3Jn2HjiC5HDh31hHPVE1dHBcn3BHHUeps2WTN,metadata,Melt,,
QmctDZHWLHh87kNp7qvNXJupfj2Pt7GE7UegfkR1ctcnMP,asset,Melt,,unknown
QmPBDAedauUJUz4Fw9skwuY6ZnF9PtE4VRvjvkwbWWhnru,metadata,Tempo,,
Qmc1g4ddA9TynUfMKCjr6ZFZtcobm4Bswjq763HFe3QsE9,asset,Tempo,,unknown
QmfPHJGGq2sSia4d9osWw7T2STJbMw7RJz6x1PLDv8whqL,metadata,CoinZuki,,
QmQvcmPP83hnvzeRnuB1oJm9E1iuoTR4VXZpVeDRj66tmK,asset,CoinZuki,,unknown
QmcCdppXXyQ4UboiUzse7iV5muMMRFmNrNZ9WVT1QYkW9B,metadata,Cells,,
Qmb5oFEmSJRFBZaiRZxgMqWwiPkqHL4ARq2v1XBgfnawvF,asset,Cells,,unknown
QmWC639z6D9Mo9j8fKSa8gvn4uSHbfPfB3U2fceg1VJSw5,metadata,Devilish run.,,
QmeL43j1gkKmGkmHcwmZqvevKu69LVhULDkgnsmTLP7TCQ,asset,Devilish run.,,unknown
QmcESe9H27GKiykJei29og9ubezc3ZA241BikVKk3am3pC,metadata,Nr. 418 - A Crystal Formation,,
QmPjGxiqCvkESUEcJeTqWeiMzBNYQDCTeUCNo4NfQdgeCC,asset,Nr. 418 - A Crystal Formation,,unknown
